Prestamo_ID;Persona;Dependientes;Graduado;Autonomo;IngresosAplicante;IngresosCoaplicante;CantidadPrestamos;Plazo;HistorialCrediticio;AreaPropietario;FechaPeticionPrestamo;ListaActivos
LP001002;"Male;Trstram;Annis";0;Graduate;No;5849;0;120;360;1;Urban;19-04-90;479370, 7530, 0
LP001003;"Male;Aubry;Stockman";1;Graduate;No;4583;1508;128;360;1;Rural;26-07-99;371586, 1618, 0
LP001005;"Male;Rolf;Kohtler";0;Graduate;Yes;3000;0;66;360;1;Urban;23-04-98;175062, 3436, 0
LP001006;"Male;Pepe;McSherry";0;Not Graduate;No;2583;2358;120;360;1;Urban;14-10-04;177935, 9218, 0
LP001008;"Male;Aili;Dysart";0;Graduate;No;6000;0;141;360;1;Urban;17-03-96;126695, 0, 0
LP001011;"Male;George;Atterley";2;Graduate;Yes;5417;4196;267;360;1;Urban;01-03-90;202838, 0, 86271
LP001013;"Male;Afton;Dwire";0;Not Graduate;No;2333;1516;95;360;1;Urban;21-02-95;434914, 0, 155062
LP001014;"Male;Randy;Laugier";3;Graduate;No;3036;2504;158;360;0;Semiurban;28-10-99;227213, 0, 0
LP001018;"Male;Cly;Pfeffle";2;Graduate;No;4006;1526;168;360;1;Urban;26-02-94;437008, 0, 0
LP001020;"Male;Terri-jo;Digan";1;Graduate;No;12841;10968;349;360;1;Semiurban;12-09-99;248542, 0, 0
LP001024;"Male;Mortimer;Hanson";2;Graduate;No;3200;700;70;360;1;Urban;20-09-07;93114, 1233, 0
LP001027;"Male;Selby;Calan";2;Graduate;Yes;2500;1840;109;360;1;Urban;28-02-90;451152, 2667, 174757
LP001028;"Male;Mohandas;Raiker";2;Graduate;No;3073;8106;200;360;1;Urban;05-08-96;333056, 10132, 194450
LP001029;"Male;Adamo;Indruch";0;Graduate;No;1853;2840;114;360;1;Rural;15-02-01;432180, 11441, 71592
LP001030;"Male;Goddard;Reedshaw";2;Graduate;No;1299;1086;17;120;1;Urban;12-11-94;96326, 1812, 0
LP001032;"Male;Merline;Carlson";0;Graduate;No;4950;0;125;360;1;Urban;11-05-93;82027, 8268, 0
LP001034;"Male;Debby;Butlin";1;Not Graduate;No;3596;0;100;240;;Urban;02-05-96;400126, 3439, 0
LP001036;"Female;Esdras;Arp";0;Graduate;No;3510;0;76;360;0;Urban;15-05-07;389705, 12944, 0
LP001038;"Male;Jerrie;Vanezis";0;Not Graduate;No;4887;0;133;360;1;Rural;15-02-96;271819, 3683, 0
LP001041;"Male;Farah;Wayt";0;Graduate;Yes;2600;3500;115;120;1;Urban;17-05-90;132090, 13059, 0
LP001043;"Male;Hunt;Isack";0;Not Graduate;No;7660;0;104;360;0;Urban;09-04-05;76752, 0, 0
LP001046;"Male;Beltran;Cairney";1;Graduate;No;5955;5625;315;360;1;Urban;29-03-04;89305, 6826, 53133
LP001047;"Male;Berty;Sillito";0;Not Graduate;No;2600;1911;116;360;0;Semiurban;30-05-05;447769, 1755, 0
LP001050;"0;Tate;Iliff";2;Not Graduate;No;3365;1917;112;360;0;Rural;15-10-02;91993, 0, 0
LP001052;"Male;Luise;Attoe";1;Graduate;Yes;3717;2925;151;360;;Semiurban;10-09-01;206291, 13305, 78416
LP001066;"Male;Lyndell;Blennerhassett";0;Graduate;Yes;9560;0;191;360;1;Semiurban;14-05-92;170579, 11143, 0
LP001068;"Male;Lani;Sterzaker";0;Graduate;No;2799;2253;122;360;1;Semiurban;01-06-92;384361, 0, 0
LP001073;"Male;Alicea;Van;0;2;Not Graduate;No;4226;1040;110;360;1;Urban;19-08-92;373300, 0, 0
LP001086;"Male;Isahella;Ragat";0;Not Graduate;No;1442;0;35;360;1;Urban;25-10-03;144040, 0, 0
LP001087;"Female;Heidie;Delion";2;Graduate;Yes;3750;2083;120;360;1;Semiurban;28-09-91;276813, 7688, 0
LP001091;"Male;Roscoe;Persian";1;Graduate;Yes;4166;3369;201;360;;Urban;19-12-96;388177, 0, 0
LP001095;"Male;Maddie;Golley";0;Graduate;No;3167;0;74;360;1;Urban;05-04-94;187585, 0, 0
LP001097;"Male;Arly;Leinweber";1;Graduate;Yes;4692;0;106;360;1;Rural;01-04-06;98111, 14016, 0
LP001098;"Male;Jobey;Farrent";0;Graduate;No;3500;1667;114;360;1;Semiurban;02-02-93;352769, 5755, 0
LP001100;"Male;Jocelin;Benwell";3;Graduate;No;12500;3000;320;360;1;Rural;15-03-97;132333, 2904, 0
LP001106;"Male;Beale;Hudd";0;Graduate;No;2275;2067;120;360;1;Urban;20-02-03;161580, 0, 154098
LP001109;"Male;Patricio;Leroy";0;Graduate;No;1828;1330;100;360;0;Urban;16-01-91;108067, 0, 0
LP001112;"Female;Lilah;Kinghorn";0;Graduate;No;3667;1459;144;360;1;Semiurban;09-09-06;133100, 0, 0
LP001114;"Male;Luke;Siggery";0;Graduate;No;4166;7210;184;360;1;Urban;12-05-03;92465, 11106, 0
LP001116;"Male;Anabelle;De;Michetti";0;Not Graduate;No;3748;1668;110;360;1;Semiurban;25-04-90;306974, 19304, 0
LP001119;"Male;Akim;Illyes";0;Graduate;No;3600;0;80;360;1;Urban;28-10-91;298489, 12160, 0
LP001120;"Male;Doreen;Fretwell";0;Graduate;No;1800;1213;47;360;1;Urban;13-02-00;462568, 0, 0
LP001123;"Male;Marja;Rivalland";0;Graduate;No;2400;0;75;360;;Urban;01-04-99;358432, 0, 0
LP001131;"Male;Yuri;Dutteridge";0;Graduate;No;3941;2336;134;360;1;Semiurban;18-07-96;458613, 0, 0
LP001136;"Male;Gillian;Checcucci";0;Not Graduate;Yes;4695;0;96;360;1;Urban;16-02-08;499374, 4940, 0
LP001137;"Female;Peggi;Grunwald";0;Graduate;No;3410;0;88;120;1;Urban;22-05-06;352732, 7855, 0
LP001138;"Male;Nanci;Wilsdon";1;Graduate;No;5649;0;44;360;1;Urban;27-02-08;370174, 3128, 0
LP001144;"Male;Arch;Bedburrow";0;Graduate;No;5821;0;144;360;1;Urban;24-09-08;307414, 6620, 0
LP001146;"Female;Candice;Ivanikov";0;Graduate;No;2645;3440;120;360;0;Urban;24-10-06;428011, 15044, 0
LP001151;"Female;Gordon;Mease";0;Graduate;No;4000;2275;144;360;1;Semiurban;18-11-02;186196, 19978, 0
LP001155;"Female;Gusti;Ebi";0;Not Graduate;No;1928;1644;100;360;1;Semiurban;12-10-02;384673, 3464, 0
LP001157;"Female;Clo;Lightoller";0;Graduate;No;3086;0;120;360;1;Semiurban;10-11-96;223896, 13491, 0
LP001164;"Female;Robina;Carmody";0;Graduate;No;4230;0;112;360;1;Semiurban;30-08-91;101061, 10736, 0
LP001179;"Male;Risa;Dyhouse";2;Graduate;No;4616;0;134;360;1;Urban;18-01-06;235504, 5525, 0
LP001186;"Female;Tabbie;Pritty";1;Graduate;Yes;11500;0;286;360;0;Urban;09-01-01;427338, 14572, 0
LP001194;"Male;Harcourt;Dacres";2;Graduate;No;2708;1167;97;360;1;Semiurban;28-02-98;163138, 5058, 0
LP001195;"Male;Arman;Jellicorse";0;Graduate;No;2132;1591;96;360;1;Semiurban;05-08-97;265065, 1143, 0
LP001197;"Male;Isobel;Yesipov";0;Graduate;No;3366;2200;135;360;1;Rural;15-11-92;483530, 9285, 0
LP001198;"Male;Klemens;Ballingal";1;Graduate;No;8080;2250;180;360;1;Urban;07-10-07;186033, 14070, 0
LP001199;"Male;Reuben;Jolliman";2;Not Graduate;No;3357;2859;144;360;1;Urban;17-11-08;101600, 2255, 0
LP001205;"Male;Tadeas;Ghione";0;Graduate;No;2500;3796;120;360;1;Urban;16-02-90;119105, 9124, 0
LP001206;"Male;Jenifer;Rawlyns";3;Graduate;No;3029;0;99;360;1;Urban;23-06-02;268073, 3592, 0
LP001207;"Male;Burr;Mocher";0;Not Graduate;Yes;2609;3449;165;180;0;Rural;17-10-01;284217, 15520, 0
LP001213;"Male;Trix;Simonett";1;Graduate;No;4945;0;120;360;0;Rural;06-09-05;112832, 0, 0
LP001222;"Female;Dale;Samuel";0;Graduate;No;4166;0;116;360;0;Semiurban;22-09-92;340518, 13304, 0
LP001225;"Male;Brittni;Curnick";0;Graduate;No;5726;4595;258;360;1;Semiurban;16-04-02;285894, 0, 0
LP001228;"Male;Laurie;Argyle";0;Not Graduate;No;3200;2254;126;180;0;Urban;13-04-97;248094, 13257, 0
LP001233;"Male;Prue;Houlaghan";1;Graduate;No;10750;0;312;360;1;Urban;06-03-99;438323, 10688, 0
LP001238;"Male;Fleur;Tille";3;Not Graduate;Yes;7100;0;125;60;1;Urban;24-06-03;171143, 12526, 0
LP001241;"Female;Cindelyn;Coney";0;Graduate;No;4300;0;136;360;0;Semiurban;16-10-98;111927, 5283, 0
LP001243;"Male;Abelard;McNeigh";0;Graduate;No;3208;3066;172;360;1;Urban;06-05-01;241860, 6685, 120079
LP001245;"Male;Latrena;Crummay";2;Not Graduate;Yes;1875;1875;97;360;1;Semiurban;06-03-98;240403, 1146, 0
LP001248;"Male;Delora;Scothorn";0;Graduate;No;3500;0;81;300;1;Semiurban;19-09-02;355380, 3950, 0
LP001250;"Male;Billy;Muffin";3;Not Graduate;No;4755;0;95;120;0;Semiurban;04-04-08;403450, 5355, 0
LP001253;"Male;Averil;Standeven";3;Graduate;Yes;5266;1774;187;360;1;Semiurban;10-03-08;305531, 1627, 0
LP001255;"Male;Garfield;Dohrmann";0;Graduate;No;3750;0;113;480;1;Urban;02-06-91;167969, 0, 114613
LP001256;"Male;Sammy;Bettinson";0;Graduate;No;3750;4750;176;360;1;Urban;05-03-98;128453, 14177, 0
LP001259;"Male;Crissy;Blaxeland";1;Graduate;Yes;1000;3022;110;360;1;Urban;21-01-07;132941, 0, 0
LP001263;"Male;Carl;De;La;Salle";3;Graduate;No;3167;4000;180;300;0;Semiurban;19-09-00;334933, 1204, 87723
LP001264;"Male;Clint;Dyos";3;Not Graduate;Yes;3333;2166;130;360;;Semiurban;18-05-95;444522, 0, 0
LP001265;"Female;Perle;Novkovic";0;Graduate;No;3846;0;111;360;1;Semiurban;30-09-07;451884, 7492, 0
LP001266;"Male;Betti;Farlam";1;Graduate;Yes;2395;0;120;360;1;Semiurban;22-09-99;238715, 14865, 191318
LP001267;"Female;Isadora;Matula";2;Graduate;No;1378;1881;167;360;1;Urban;17-03-91;126229, 0, 0
LP001273;"Male;Doyle;Gerard";0;Graduate;No;6000;2250;265;360;;Semiurban;03-01-03;417245, 14603, 0
LP001275;"Male;Daisy;Stigell";1;Graduate;No;3988;0;50;240;1;Urban;25-01-07;201821, 4730, 0
LP001279;"Male;Christen;Scourge";0;Graduate;No;2366;2531;136;360;1;Semiurban;16-03-07;185571, 18873, 0
LP001280;"Male;Martelle;Ruggieri";2;Not Graduate;No;3333;2000;99;360;;Semiurban;28-10-02;90866, 2052, 0
LP001282;"Male;Wilma;Hustler";0;Graduate;No;2500;2118;104;360;1;Semiurban;24-10-98;132088, 13230, 0
LP001289;"Male;Barbie;Dillingston";0;Graduate;No;8566;0;210;360;1;Urban;11-07-94;312126, 0, 136401
LP001310;"Male;Nolana;Irving";0;Graduate;No;5695;4167;175;360;1;Semiurban;19-02-97;495289, 10817, 0
LP001316;"Male;Gabriel;Runham";0;Graduate;No;2958;2900;131;360;1;Semiurban;15-04-00;154998, 14773, 103961
LP001318;"Male;Coraline;O'Noulane";2;Graduate;No;6250;5654;188;180;1;Semiurban;16-11-96;250089, 18915, 0
LP001319;"Male;Cleavland;Writer";2;Not Graduate;No;3273;1820;81;360;1;Urban;21-12-91;164225, 18036, 0
LP001322;"Male;Patsy;MacCourt";0;Graduate;No;4133;0;122;360;1;Semiurban;28-07-92;150746, 13198, 0
LP001325;"Male;Clemmie;Lyttle";0;Not Graduate;No;3620;0;25;120;1;Semiurban;30-10-05;171376, 0, 0
LP001326;"Male;Christopher;Cogley";0;Graduate;Yes;6782;0;120;360;;Urban;05-08-03;200345, 12844, 0
LP001327;"Female;Hagan;Gewer";0;Graduate;No;2484;2302;137;360;1;Semiurban;04-05-05;440206, 0, 160939
LP001333;"Male;Roderick;Bruni";0;Graduate;No;1977;997;50;360;1;Semiurban;10-06-98;186878, 3619, 0
LP001334;"Male;Ilene;Leyton";0;Not Graduate;No;4188;0;115;180;1;Semiurban;30-08-95;303083, 11760, 0
LP001343;"Male;Olympie;Ley";0;Graduate;No;1759;3541;131;360;1;Semiurban;14-02-97;197635, 0, 0
LP001345;"Male;Laney;Hollebon";2;Not Graduate;No;4288;3263;133;180;1;Urban;02-02-98;463047, 0, 0
LP001349;"Male;Corine;Andre";0;Graduate;No;4843;3806;151;360;1;Semiurban;21-03-08;347261, 0, 0
LP001350;"Male;Regan;Strowan";;Graduate;No;13650;0;120;360;1;Urban;29-03-04;463405, 0, 189418
LP001356;"Male;Goraud;Slad";0;Graduate;No;4652;3583;121;360;1;Semiurban;07-02-09;101892, 17005, 0
LP001357;"Male;Emmerich;Wynrehame";;Graduate;No;3816;754;160;360;1;Urban;16-12-00;155571, 8953, 0
LP001367;"Male;August;Terrans";1;Graduate;No;3052;1030;100;360;1;Urban;09-07-96;151120, 0, 0
LP001369;"Male;Rodolfo;Culley";2;Graduate;No;11417;1126;225;360;1;Urban;21-06-01;127036, 3900, 0
LP001370;"Male;Byrom;Fairlam";0;Not Graduate;No;7333;0;120;360;1;Rural;01-01-01;444792, 19475, 0
LP001379;"Male;Etti;Vasilyonok";2;Graduate;No;3800;3600;216;360;0;Urban;20-08-91;321195, 0, 0
LP001384;"Male;Sheilakathryn;Beaushaw";3;Not Graduate;No;2071;754;94;480;1;Semiurban;30-09-05;282841, 9957, 0
LP001385;"Male;Diarmid;Isard";0;Graduate;No;5316;0;136;360;1;Urban;11-03-97;272436, 5609, 0
LP001387;"Female;Loraine;Kasperski";0;Graduate;Yes;2929;2333;139;360;1;Semiurban;27-04-93;146050, 6665, 0
LP001391;"Male;Morey;Braidley";0;Not Graduate;No;3572;4114;152;120;0;Rural;06-07-99;477542, 19980, 0
LP001392;"Female;Ly;Gaythwaite";1;Graduate;Yes;7451;0;121;360;1;Semiurban;27-04-91;487703, 17718, 173729
LP001398;"Male;Hestia;Clemett";0;Graduate;No;5050;0;118;360;1;Semiurban;20-08-01;248280, 17679, 0
LP001401;"Male;Reube;Fouracres";1;Graduate;No;14583;0;185;180;1;Rural;15-07-99;307866, 3667, 0
LP001404;"Female;Jakob;Gabits";0;Graduate;No;3167;2283;154;360;1;Semiurban;13-05-04;186807, 19616, 0
LP001405;"Male;Xylina;Bartens";1;Graduate;No;2214;1398;85;360;;Urban;26-10-99;450451, 17829, 114049
LP001421;"Male;Izaak;Rewbottom";0;Graduate;No;5568;2142;175;360;1;Rural;01-10-97;358610, 0, 77179
LP001422;"Female;Colette;Wallworke";0;Graduate;No;10408;0;259;360;1;Urban;02-05-94;388237, 18694, 140171
LP001426;"Male;Jereme;Leat";;Graduate;No;5667;2667;180;360;1;Rural;19-06-99;388216, 11119, 0
LP001430;"Female;Sampson;Satchell";0;Graduate;No;4166;0;44;360;1;Semiurban;02-03-93;463937, 12569, 0
LP001431;"Female;West;Obbard";0;Graduate;No;2137;8980;137;360;0;Semiurban;31-05-02;382548, 0, 0
LP001432;"Male;Claudia;Cockarill";2;Graduate;No;2957;0;81;360;1;Semiurban;21-08-92;228511, 19369, 0
LP001439;"Male;Lucretia;Haill";0;Not Graduate;No;4300;2014;194;360;1;Rural;20-12-08;464693, 0, 0
LP001443;"Female;Bourke;Yuryatin";0;Graduate;No;3692;0;93;360;;Rural;19-05-01;237696, 8736, 0
LP001448;"0;Selestina;Hobgen";3;Graduate;No;23803;0;370;360;1;Rural;29-07-95;480439, 13479, 128587
LP001449;"Male;Bob;Sindell";0;Graduate;No;3865;1640;111;360;1;Rural;01-09-96;81748, 0, 117774
LP001451;"Male;Gus;Downer";1;Graduate;Yes;10513;3850;160;180;0;Urban;25-03-96;214873, 13149, 0
LP001465;"Male;Tami;Forder";0;Graduate;No;6080;2569;182;360;;Rural;06-09-05;188796, 19260, 0
LP001469;"Male;Mufi;Letixier";0;Graduate;Yes;20166;0;650;480;;Urban;24-05-90;128020, 7805, 0
LP001473;"Male;Connie;Larham";0;Graduate;No;2014;1929;74;360;1;Urban;01-03-91;463130, 4453, 0
LP001478;"Male;Carole;Evenden";0;Graduate;No;2718;0;70;360;1;Semiurban;24-01-09;117568, 7444, 119761
LP001482;"Male;Brewer;Pyke";0;Graduate;Yes;3459;0;25;120;1;Semiurban;27-08-93;334793, 5010, 0
LP001487;"Male;Dagny;Burcher";0;Graduate;No;4895;0;102;360;1;Semiurban;10-08-03;473563, 14292, 0
LP001488;"Male;Carr;Cartwright";3;Graduate;No;4000;7750;290;360;1;Semiurban;17-09-90;355322, 7951, 0
LP001489;"Female;Halette;Mickleborough";0;Graduate;No;4583;0;84;360;1;Rural;09-02-93;435018, 0, 0
LP001491;"Male;Clint;Arney";2;Graduate;Yes;3316;3500;88;360;1;Urban;17-01-03;395401, 9898, 0
LP001492;"Male;Hermina;Limrick";0;Graduate;No;14999;0;242;360;0;Semiurban;24-05-92;337461, 9095, 0
LP001493;"Male;Thadeus;Hunnywell";2;Not Graduate;No;4200;1430;129;360;1;Rural;11-12-01;361011, 8687, 153284
LP001497;"Male;Xymenes;Boath";2;Graduate;No;5042;2083;185;360;1;Rural;22-11-98;153446, 18438, 0
LP001498;"Male;Byran;Pexton";0;Graduate;No;5417;0;168;360;1;Urban;02-02-93;226602, 12944, 0
LP001504;"Male;Doro;Barlow";0;Graduate;Yes;6950;0;175;180;1;Semiurban;07-01-94;480577, 0, 0
LP001507;"Male;Jarib;De;Coursey";0;Graduate;No;2698;2034;122;360;1;Semiurban;02-04-96;299120, 13075, 0
LP001508;"Male;Romain;Ruler";2;Graduate;No;11757;0;187;180;1;Urban;27-02-96;96167, 3421, 0
LP001514;"Female;Inna;Lempke";0;Graduate;No;2330;4486;100;360;1;Semiurban;18-01-90;314290, 0, 0
LP001516;"Female;Shaina;Allgood";2;Graduate;No;14866;0;70;360;1;Urban;10-02-94;372832, 17282, 59575
LP001518;"Male;Odette;Balcon";1;Graduate;No;1538;1425;30;360;1;Urban;01-03-00;351813, 12446, 0
LP001519;"Female;Glad;Mottinelli";0;Graduate;No;10000;1666;225;360;1;Rural;11-07-98;473139, 18326, 122182
LP001520;"Male;Lorrin;Yven";0;Graduate;No;4860;830;125;360;1;Semiurban;23-12-03;102867, 0, 164657
LP001528;"Male;Tabor;Redford";0;Graduate;No;6277;0;118;360;0;Rural;23-06-94;296614, 4660, 0
LP001529;"Male;Ambrosio;Jedraszczyk";0;Graduate;Yes;2577;3750;152;360;1;Rural;22-09-07;150280, 14630, 0
LP001531;"Male;Berton;Flageul";0;Graduate;No;9166;0;244;360;1;Urban;16-09-94;83976, 3684, 92395
LP001532;"Male;Abbott;Charman";2;Not Graduate;No;2281;0;113;360;1;Rural;15-07-92;326980, 7020, 0
LP001535;"Male;Sharai;Osmant";0;Graduate;No;3254;0;50;360;1;Urban;01-07-98;254261, 9850, 0
LP001536;"Male;Brandise;Simecek";3;Graduate;No;39999;0;600;180;0;Semiurban;05-10-08;360784, 0, 0
LP001541;"Male;Trev;Thurston";1;Graduate;No;6000;0;160;360;;Rural;06-12-97;396059, 0, 0
LP001543;"Male;Salvatore;Demelt";1;Graduate;No;9538;0;187;360;1;Urban;19-07-90;457151, 9745, 0
LP001546;"Male;Olivie;Vinten";0;Graduate;Yes;2980;2083;120;360;1;Rural;02-03-00;288759, 0, 0
LP001552;"Male;Hildegarde;Gallop";0;Graduate;No;4583;5625;255;360;1;Semiurban;29-09-95;233444, 6577, 0
LP001560;"Male;Kiley;Bere";0;Not Graduate;No;1863;1041;98;360;1;Semiurban;22-02-01;383310, 4620, 0
LP001562;"Male;Cristy;Bruckmann";0;Graduate;No;7933;0;275;360;1;Urban;22-09-98;211574, 10986, 0
LP001565;"Male;Myron;Cutteridge";1;Graduate;No;3089;1280;121;360;0;Semiurban;18-07-05;174735, 12208, 0
LP001570;"Male;Hadrian;Cormack";2;Graduate;No;4167;1447;158;360;1;Rural;06-10-90;204736, 10763, 128066
LP001572;"Male;Kerwin;Rabley";0;Graduate;No;9323;0;75;180;1;Urban;16-04-93;409663, 19820, 0
LP001574;"Male;Nobe;Draaisma";0;Graduate;No;3707;3166;182;120;1;Rural;13-04-90;318959, 7543, 0
LP001577;"Female;Darren;Hewins";0;Graduate;No;4583;0;112;360;1;Rural;11-11-92;484183, 12234, 0
LP001578;"Male;Claudelle;Ebdon";0;Graduate;No;2439;3333;129;360;1;Rural;13-02-01;281405, 18300, 99849
LP001579;"Male;Constancy;Lupson";0;Graduate;No;2237;0;63;480;0;Semiurban;04-08-94;479191, 4430, 0
LP001580;"Male;Corene;Pedder";2;Graduate;No;8000;0;200;360;1;Semiurban;31-10-99;195729, 0, 0
LP001581;"Male;Siusan;Sonnenschein";0;Not Graduate;No;1820;1769;95;360;1;Rural;09-07-90;286322, 13990, 0
LP001585;"0;James;Dine-Hart";3;Graduate;No;51763;0;700;300;1;Urban;20-01-04;451246, 5022, 177584
LP001586;"Male;Siegfried;Ference";3;Not Graduate;No;3522;0;81;180;1;Rural;01-07-97;442268, 1937, 0
LP001594;"Male;Cheslie;Vinck";0;Graduate;No;5708;5625;187;360;1;Semiurban;15-03-06;182242, 12571, 0
LP001603;"Male;Price;Benedyktowicz";0;Not Graduate;Yes;4344;736;87;360;1;Semiurban;06-06-03;270798, 4068, 0
LP001606;"Male;Roseanna;Caurah";0;Graduate;No;3497;1964;116;360;1;Rural;28-03-98;216378, 8511, 0
LP001608;"Male;Danell;Cleynman";2;Graduate;No;2045;1619;101;360;1;Rural;09-09-92;402405, 7954, 0
LP001610;"Male;Sallyanne;Wolfenden";3;Graduate;No;5516;11300;495;360;0;Semiurban;12-08-92;225800, 18363, 0
LP001616;"Male;Daria;Berendsen";1;Graduate;No;3750;0;116;360;1;Semiurban;21-01-99;365989, 6675, 0
LP001630;"Male;Elka;Glowacha";0;Not Graduate;No;2333;1451;102;480;0;Urban;04-02-92;218619, 2065, 0
LP001633;"Male;Rodi;Wehner";1;Graduate;No;6400;7250;180;360;0;Urban;15-11-99;206155, 1248, 0
LP001634;"Male;Thurstan;Drayton";0;Graduate;No;1916;5063;67;360;;Rural;29-09-94;438725, 0, 0
LP001636;"Male;Jock;Mingasson";0;Graduate;No;4600;0;73;180;1;Semiurban;20-03-06;212635, 15195, 180700
LP001637;"Male;Ki;Briscam";1;Graduate;No;33846;0;260;360;1;Semiurban;27-05-97;88116, 16842, 0
LP001639;"Female;Elise;McKeurton";0;Graduate;No;3625;0;108;360;1;Semiurban;13-07-02;152629, 4699, 0
LP001640;"Male;Jake;Sheward";0;Graduate;Yes;39147;4750;120;360;1;Semiurban;07-05-95;444073, 11786, 0
LP001641;"Male;Jermayne;Tresvina";1;Graduate;Yes;2178;0;66;300;0;Rural;11-07-93;115478, 10758, 0
LP001643;"Male;Kristin;Felten";0;Graduate;No;2383;2138;58;360;;Rural;14-08-99;474680, 8714, 0
LP001644;"0;Nicolette;Andriss";0;Graduate;Yes;674;5296;168;360;1;Rural;12-01-05;483360, 9473, 0
LP001647;"Male;Clemence;Videneev";0;Graduate;No;9328;0;188;180;1;Rural;04-04-93;328370, 0, 0
LP001653;"Male;Catherin;Ivanenko";0;Not Graduate;No;4885;0;48;360;1;Rural;18-11-01;150848, 11743, 127614
LP001656;"Male;Lynnet;Banishevitz";0;Graduate;No;12000;0;164;360;1;Semiurban;07-03-92;308999, 8761, 0
LP001657;"Male;Mil;Cargen";0;Not Graduate;No;6033;0;160;360;1;Urban;04-10-07;456212, 16091, 0
LP001658;"Male;Levi;Sainteau";0;Graduate;No;3858;0;76;360;1;Semiurban;15-12-97;175908, 17118, 0
LP001664;"Male;Brittne;McKee";0;Graduate;No;4191;0;120;360;1;Rural;17-02-06;140942, 7422, 0
LP001665;"Male;Pip;McClinton";1;Graduate;No;3125;2583;170;360;1;Semiurban;02-06-92;357655, 6921, 0
LP001666;"Male;Abbott;Giovannini";0;Graduate;No;8333;3750;187;360;1;Rural;01-05-92;193960, 0, 0
LP001669;"Female;Van;Maher";0;Not Graduate;No;1907;2365;120;120;1;Urban;25-05-00;443654, 1941, 0
LP001671;"Female;Kattie;Eisig";0;Graduate;No;3416;2816;113;360;;Semiurban;31-12-07;445464, 2797, 0
LP001673;"Male;Sonny;Fegan";0;Graduate;Yes;11000;0;83;360;1;Urban;29-08-04;493171, 19857, 0
LP001674;"Male;Cletus;Beechcraft";1;Not Graduate;No;2600;2500;90;360;1;Semiurban;16-01-99;431336, 1202, 0
LP001677;"Male;Ursuline;Petherick";2;Graduate;No;4923;0;166;360;0;Semiurban;22-03-90;232079, 4518, 0
LP001682;"Male;Willem;Drinkel";3;Not Graduate;No;3992;0;122;180;1;Urban;28-09-02;277524, 14120, 0
LP001688;"Male;Chelsea;Eastby";1;Not Graduate;No;3500;1083;135;360;1;Urban;22-03-08;182392, 1791, 0
LP001691;"Male;Vinson;Lathaye";2;Not Graduate;No;3917;0;124;360;1;Semiurban;03-03-97;457376, 7923, 94337
LP001692;"Female;Andreana;Bramble";0;Not Graduate;No;4408;0;120;360;1;Semiurban;05-05-04;258351, 19785, 0
LP001693;"Female;Reginauld;Amesbury";0;Graduate;No;3244;0;80;360;1;Urban;27-12-04;87367, 15287, 0
LP001698;"Male;Remus;Cardow";0;Not Graduate;No;3975;2531;55;360;1;Rural;14-05-94;373013, 0, 0
LP001699;"Male;Gabriel;Kleinholz";0;Graduate;No;2479;0;59;360;1;Urban;25-07-00;390380, 12106, 0
LP001702;"Male;Shanta;Frisel";0;Graduate;No;3418;0;127;360;1;Semiurban;07-08-06;404192, 18181, 0
LP001708;"Female;Clementius;Hoxey";0;Graduate;No;10000;0;214;360;1;Semiurban;04-06-07;422801, 12546, 69575
LP001711;"Male;Brennen;Dunmore";3;Graduate;No;3430;1250;128;360;0;Semiurban;04-03-92;418784, 15701, 0
LP001713;"Male;Claudianus;Longland";1;Graduate;Yes;7787;0;240;360;1;Urban;02-10-91;99666, 9674, 0
LP001715;"Male;Angeli;Tomsen";3;Not Graduate;Yes;5703;0;130;360;1;Rural;13-02-03;270741, 10761, 0
LP001716;"Male;Rafael;Tolman";0;Graduate;No;3173;3021;137;360;1;Urban;31-08-06;213215, 10311, 0
LP001720;"Male;Karyn;Ardley";3;Not Graduate;No;3850;983;100;360;1;Semiurban;19-07-07;309336, 1726, 144599
LP001722;"Male;Erna;McKendo";0;Graduate;No;150;1800;135;360;1;Rural;09-08-93;120411, 2839, 0
LP001726;"Male;Bradan;McKeney";0;Graduate;No;3727;1775;131;360;1;Semiurban;02-10-94;170667, 16157, 0
LP001732;"Male;Natalie;Mandel";2;Graduate;Yes;5000;0;72;360;0;Semiurban;31-08-90;123819, 7753, 0
LP001734;"Female;Malissa;Lochran";2;Graduate;No;4283;2383;127;360;;Semiurban;16-08-95;334281, 10802, 179496
LP001736;"Male;Steven;Kelner";0;Graduate;No;2221;0;60;360;0;Urban;17-03-92;252746, 0, 93302
LP001743;"Male;Hope;Stoffel";2;Graduate;No;4009;1717;116;360;1;Semiurban;03-05-06;117871, 0, 0
LP001744;"Male;Del;Martugin";0;Graduate;No;2971;2791;144;360;1;Semiurban;30-03-95;199982, 0, 0
LP001749;"Male;Winny;Scarisbrick";0;Graduate;No;7578;1010;175;360;1;Semiurban;17-04-94;321790, 13685, 0
LP001750;"Male;Brockie;Carletto";0;Graduate;No;6250;0;128;360;1;Semiurban;19-08-05;380707, 3837, 61513
LP001751;"Male;Kandy;Thwaites";0;Graduate;No;3250;0;170;360;1;Rural;08-02-04;155682, 12428, 0
LP001754;"Male;Rycca;Matuszinski";;Not Graduate;Yes;4735;0;138;360;1;Urban;23-01-07;296015, 7110, 154511
LP001758;"Male;Bevvy;Gribbin";2;Graduate;No;6250;1695;210;360;1;Semiurban;22-06-03;179543, 18299, 0
LP001760;"Male;Waverley;Sussex";;Graduate;No;4758;0;158;480;1;Semiurban;17-08-91;354114, 0, 0
LP001761;"Male;Sergeant;Meron";0;Graduate;Yes;6400;0;200;360;1;Rural;14-09-02;374275, 0, 0
LP001765;"Male;Olin;Greneham";1;Graduate;No;2491;2054;104;360;1;Semiurban;21-06-06;141098, 10412, 0
LP001768;"Male;Roseanna;Pocock";0;Graduate;No;3716;0;42;180;1;Rural;07-01-92;453125, 11319, 0
LP001770;"Male;Mae;Bigadike";0;Not Graduate;No;3189;2598;120;360;1;Rural;18-01-08;349278, 9037, 0
LP001776;"Female;Jannelle;Deme";0;Graduate;No;8333;0;280;360;1;Semiurban;11-06-06;186408, 0, 0
LP001778;"Male;Darb;Toretta";1;Graduate;No;3155;1779;140;360;1;Semiurban;20-05-01;283116, 0, 96725
LP001784;"Male;Eulalie;Coope";1;Graduate;No;5500;1260;170;360;1;Rural;09-09-01;98299, 9417, 0
LP001786;"Male;Tuck;Macari";0;Graduate;Yes;5746;0;255;360;;Urban;16-10-95;314239, 13160, 0
LP001788;"Female;Roosevelt;Ortes";0;Graduate;Yes;3463;0;122;360;;Urban;29-10-98;232694, 0, 0
LP001790;"Female;Bernhard;Brind";1;Graduate;No;3812;0;112;360;1;Rural;24-05-97;222632, 6851, 0
LP001792;"Male;Marmaduke;Ridd";1;Graduate;No;3315;0;96;360;1;Semiurban;14-08-02;451221, 6619, 0
LP001798;"Male;Brock;Mullinder";2;Graduate;No;5819;5000;120;360;1;Rural;20-04-98;179381, 4594, 0
LP001800;"Male;Jayme;Volkes";1;Not Graduate;No;2510;1983;140;180;1;Urban;16-12-00;191275, 3514, 0
LP001806;"Male;Chaddie;Bedle";0;Graduate;No;2965;5701;155;60;1;Urban;08-01-01;440910, 2670, 0
LP001807;"Male;Aeriel;Bysshe";2;Graduate;Yes;6250;1300;108;360;1;Rural;04-04-98;203512, 0, 0
LP001811;"Male;Ermin;Goodluck";0;Not Graduate;No;3406;4417;123;360;1;Semiurban;17-10-08;469885, 0, 81867
LP001813;"Male;Lionello;Hutsby";0;Graduate;Yes;6050;4333;120;180;1;Urban;12-02-99;466765, 11254, 132557
LP001814;"Male;Wang;Ballintime";2;Graduate;No;9703;0;112;360;1;Urban;27-02-97;215792, 12090, 0
LP001819;"Male;Devin;Ogden";1;Not Graduate;No;6608;0;137;180;1;Urban;23-09-07;160313, 4168, 113127
LP001824;"Male;Lanie;Cossum";1;Graduate;No;2882;1843;123;480;1;Semiurban;05-10-06;322654, 3562, 0
LP001825;"Male;Arlinda;Hollerin";0;Graduate;No;1809;1868;90;360;1;Urban;23-01-00;153002, 3683, 0
LP001835;"Male;Cyril;Postins";0;Not Graduate;No;1668;3890;201;360;0;Semiurban;18-10-01;312689, 7310, 0
LP001836;"Female;Harmon;Hollyard";2;Graduate;No;3427;0;138;360;1;Urban;23-08-98;95885, 0, 0
LP001841;"Male;Jephthah;Eke";0;Not Graduate;Yes;2583;2167;104;360;1;Rural;20-12-07;252703, 0, 0
LP001843;"Male;Selie;Andrioni";1;Not Graduate;No;2661;7101;279;180;1;Semiurban;09-06-93;428434, 11469, 0
LP001844;"Male;Marcy;Lumsdall";0;Graduate;Yes;16250;0;192;360;0;Urban;05-09-08;269884, 9921, 0
LP001846;"Female;Rozanne;Tancock";3;Graduate;No;3083;0;255;360;1;Rural;13-08-02;408946, 17289, 0
LP001849;"Male;Tiffie;McVity";0;Not Graduate;No;6045;0;115;360;0;Rural;20-09-00;263605, 9257, 0
LP001854;"Male;Roth;Hebson";3;Graduate;No;5250;0;94;360;1;Urban;21-02-90;126035, 15241, 0
LP001859;"Male;Romeo;Curme";0;Graduate;No;14683;2100;304;360;1;Rural;04-08-97;340943, 14058, 0
LP001864;"Male;Mallory;Cranstoun";3;Not Graduate;No;4931;0;128;360;;Semiurban;19-08-95;184385, 12154, 58499
LP001865;"Male;Dean;Longstaffe";1;Graduate;No;6083;4250;330;360;;Urban;08-03-92;341093, 3121, 0
LP001868;"Male;Isacco;Peak";0;Graduate;No;2060;2209;134;360;1;Semiurban;17-10-05;377754, 19523, 0
LP001870;"Female;Cam;Ilyukhov";1;Graduate;No;3481;0;155;36;1;Semiurban;08-07-90;386187, 17532, 0
LP001871;"Female;Brucie;Giacovetti";0;Graduate;No;7200;0;120;360;1;Rural;27-07-95;156643, 16376, 0
LP001872;"Male;Shae;O'Lunney";0;Graduate;Yes;5166;0;128;360;1;Semiurban;04-10-95;415640, 4298, 156288
LP001875;"Male;Jermayne;O'Donohue";0;Graduate;No;4095;3447;151;360;1;Rural;11-03-08;301103, 18973, 0
LP001877;"Male;Atlanta;Fishlock";2;Graduate;No;4708;1387;150;360;1;Semiurban;19-02-90;267905, 17857, 92056
LP001882;"Male;Paulette;Ewbanche";3;Graduate;No;4333;1811;160;360;0;Urban;05-08-03;123177, 1642, 0
LP001883;"Female;Bucky;Sire";0;Graduate;Yes;3418;0;135;360;1;Rural;07-07-06;375073, 11001, 0
LP001884;"Female;Tuck;Whopples";1;Graduate;No;2876;1560;90;360;1;Urban;06-05-90;322848, 2739, 0
LP001888;"Female;Brent;Thompstone";0;Graduate;No;3237;0;30;360;1;Urban;26-02-91;266885, 3120, 184795
LP001891;"Male;Anabella;Kollaschek";0;Graduate;No;11146;0;136;360;1;Urban;07-12-00;447430, 9488, 133230
LP001892;"Male;Benedick;Lyptratt";0;Graduate;No;2833;1857;126;360;1;Rural;07-05-90;365691, 19898, 73148
LP001894;"Male;Sheri;Dumbare";0;Graduate;No;2620;2223;150;360;1;Semiurban;07-01-99;157391, 16910, 0
LP001896;"Male;Dorry;Prettejohns";2;Graduate;No;3900;0;90;360;1;Semiurban;18-03-99;116156, 6107, 0
LP001900;"Male;Dewie;Kunzel";1;Graduate;No;2750;1842;115;360;1;Semiurban;24-11-03;384813, 18163, 0
LP001903;"Male;Colly;Chaundy";0;Graduate;No;3993;3274;207;360;1;Semiurban;20-12-95;442810, 13178, 0
LP001904;"Male;Julio;Coales";0;Graduate;No;3103;1300;80;360;1;Urban;29-12-00;140777, 15160, 0
LP001907;"Male;Layne;Heineke";0;Graduate;No;14583;0;436;360;1;Semiurban;23-05-00;194563, 0, 0
LP001908;"Female;Mitch;Broderick";0;Not Graduate;No;4100;0;124;360;;Rural;11-02-92;462906, 14322, 0
LP001910;"Male;Buddy;Gullane";1;Not Graduate;Yes;4053;2426;158;360;0;Urban;24-09-97;101629, 8740, 0
LP001914;"Male;Kristos;Fowler";0;Graduate;No;3927;800;112;360;1;Semiurban;06-03-00;222855, 0, 0
LP001915;"Male;Carlene;Eaves";2;Graduate;No;2301;985.7999878;78;180;1;Urban;15-11-05;160195, 6842, 136102
LP001917;"Female;Evie;Jeanneau";0;Graduate;No;1811;1666;54;360;1;Urban;08-02-00;191995, 8525, 0
LP001922;"Male;Judye;Belliard";0;Graduate;No;20667;0;111;360;1;Rural;05-02-96;230232, 11406, 0
LP001924;"Male;Derron;Jickles";0;Graduate;No;3158;3053;89;360;1;Rural;13-02-05;497082, 3358, 0
LP001925;"Female;Cornelle;Snartt";0;Graduate;Yes;2600;1717;99;300;1;Semiurban;14-10-06;445422, 6044, 0
LP001926;"Male;Karlotta;Copelli";0;Graduate;No;3704;2000;120;360;1;Rural;07-09-99;210679, 13739, 142481
LP001931;"Female;Rosaleen;Backson";0;Graduate;No;4124;0;115;360;1;Semiurban;19-12-99;465228, 0, 80797
LP001935;"Male;Belinda;Canton";0;Graduate;No;9508;0;187;360;1;Rural;22-06-08;303936, 4896, 168613
LP001936;"Male;Elana;Forlonge";0;Graduate;No;3075;2416;139;360;1;Rural;04-12-04;281525, 11713, 0
LP001938;"Male;Gillie;Ladd";2;Graduate;No;4400;0;127;360;0;Semiurban;05-02-94;226822, 17622, 129761
LP001940;"Male;Joell;Henbury";2;Graduate;No;3153;1560;134;360;1;Urban;25-10-95;170052, 3534, 0
LP001945;"Female;Korella;Laffling";;Graduate;No;5417;0;143;480;0;Urban;01-09-90;284108, 14966, 0
LP001947;"Male;Joe;Dowd";0;Graduate;No;2383;3334;172;360;1;Semiurban;11-03-04;211883, 15420, 0
LP001949;"Male;Cherry;Gouldeby";3;Graduate;Yes;4416;1250;110;360;1;Urban;20-04-98;172188, 4490, 0
LP001953;"Male;Jarrid;Kaindl";1;Graduate;No;6875;0;200;360;1;Semiurban;10-02-07;94922, 4322, 0
LP001954;"Female;Shermie;Symmons";1;Graduate;No;4666;0;135;360;1;Urban;26-11-98;429576, 9546, 0
LP001955;"Female;Xerxes;Schwandermann";0;Graduate;No;5000;2541;151;480;1;Rural;04-07-02;220651, 17726, 0
LP001963;"Male;Timothea;Vannoni";1;Graduate;No;2014;2925;113;360;1;Urban;17-03-00;375680, 0, 0
LP001964;"Male;Warner;Quinnet";0;Not Graduate;No;1800;2934;93;360;0;Urban;29-11-08;485704, 11068, 0
LP001972;"Male;Adrienne;Downing";;Not Graduate;No;2875;1750;105;360;1;Semiurban;05-05-04;174551, 2647, 0
LP001974;"Female;Almire;Morstatt";0;Graduate;No;5000;0;132;360;1;Rural;21-09-97;93852, 2867, 0
LP001977;"Male;Edlin;Pernell";1;Graduate;No;1625;1803;96;360;1;Urban;15-07-00;357474, 11094, 0
LP001978;"Male;Quintana;Pimlott";0;Graduate;No;4000;2500;140;360;1;Rural;26-05-08;252521, 8093, 0
LP001990;"Male;Jemmy;Playden";0;Not Graduate;No;2000;0;221;360;1;Urban;01-12-92;111668, 8984, 0
LP001993;"Female;Ingar;Lamplough";0;Graduate;No;3762;1666;135;360;1;Rural;15-09-07;99252, 1671, 0
LP001994;"Female;Moe;Gillinghams";0;Graduate;No;2400;1863;104;360;0;Urban;05-03-03;97105, 1609, 61780
LP001996;"Male;Chiquia;Paule";0;Graduate;No;20233;0;480;360;1;Rural;06-11-96;320234, 5739, 80545
LP001998;"Male;Levy;Kearle";2;Not Graduate;No;7667;0;185;360;;Rural;22-12-95;350559, 17489, 0
LP002002;"Female;Dosi;Olman";0;Graduate;No;2917;0;84;360;1;Semiurban;26-09-06;295220, 17751, 0
LP002004;"Male;Dev;Skewis";0;Not Graduate;No;2927;2405;111;360;1;Semiurban;02-08-07;438524, 0, 0
LP002006;"Female;Leigh;Orleton";0;Graduate;No;2507;0;56;360;1;Rural;02-09-00;410326, 3083, 111787
LP002008;"Male;Bryna;Cass";2;Graduate;Yes;5746;0;144;84;;Rural;12-07-06;346089, 18048, 0
LP002024;"0;Valentino;Atchly";0;Graduate;No;2473;1843;159;360;1;Rural;22-08-98;255959, 3704, 175403
LP002031;"Male;Talia;Tanswell";1;Not Graduate;No;3399;1640;111;180;1;Urban;14-06-97;81728, 8211, 0
LP002035;"Male;Lauralee;Eagar";2;Graduate;No;3717;0;120;360;1;Semiurban;15-07-98;448498, 11497, 0
LP002036;"Male;Gertie;Haresnape";0;Graduate;No;2058;2134;88;360;;Urban;10-08-98;324627, 4534, 0
LP002043;"Female;Mellisa;Soloway";1;Graduate;No;3541;0;112;360;;Semiurban;21-10-93;186026, 0, 0
LP002050;"Male;Kynthia;Monkeman";1;Graduate;Yes;10000;0;155;360;1;Rural;16-06-01;451704, 0, 57481
LP002051;"Male;Zea;Vellender";0;Graduate;No;2400;2167;115;360;1;Semiurban;11-04-99;389202, 18441, 0
LP002053;"Male;Kendrick;Habeshaw";3;Graduate;No;4342;189;124;360;1;Semiurban;28-08-93;136083, 14480, 75405
LP002054;"Male;Billie;Harriot";2;Not Graduate;No;3601;1590;221;360;1;Rural;25-11-91;488594, 16823, 0
LP002055;"Female;Yancey;Foulis";0;Graduate;No;3166;2985;132;360;;Rural;26-01-96;124963, 15132, 0
LP002065;"Male;Rodina;Menlow";3;Graduate;No;15000;0;300;360;1;Rural;27-12-01;485800, 13074, 188609
LP002067;"Male;Ruthann;Peatheyjohns";1;Graduate;Yes;8666;4983;376;360;0;Rural;03-01-90;479794, 17015, 0
LP002068;"Male;Carmelia;Almak";0;Graduate;No;4917;0;130;360;0;Rural;02-10-92;118488, 5165, 0
LP002082;"Male;Linea;Reisk";0;Graduate;Yes;5818;2160;184;360;1;Semiurban;26-11-07;411980, 0, 0
LP002086;"Female;Nikoletta;Bourgour";0;Graduate;No;4333;2451;110;360;1;Urban;30-08-99;325719, 0, 0
LP002087;"Female;Salomi;Ternent";0;Graduate;No;2500;0;67;360;1;Urban;09-03-01;212479, 19897, 0
LP002097;"Male;Allianora;Shackle";1;Graduate;No;4384;1793;117;360;1;Urban;10-02-00;139280, 2383, 81120
LP002098;"Male;Farlee;Luetchford";0;Graduate;No;2935;0;98;360;1;Semiurban;05-04-05;224848, 1541, 0
LP002100;"Male;Marlon;Bengall";;Graduate;No;2833;0;71;360;1;Urban;01-09-98;360191, 13083, 132417
LP002101;"Male;Wernher;Bollands";0;Graduate;No;63337;0;490;180;1;Urban;13-10-97;427773, 1049, 0
LP002103;"0;Noami;Vondrys";1;Graduate;Yes;9833;1833;182;180;1;Urban;07-06-00;476427, 9248, 0
LP002106;"Male;Sephira;Housbie";;Graduate;Yes;5503;4490;70;120;1;Semiurban;08-01-99;109541, 0, 0
LP002110;"Male;Aron;Tampen";1;Graduate;No;5250;688;160;360;1;Rural;14-08-07;213434, 14985, 0
LP002112;"Male;Kip;Mozzini";2;Graduate;Yes;2500;4600;176;360;1;Rural;31-08-91;373024, 0, 0
LP002113;"Female;Conant;Maycock";3;Not Graduate;No;1830;0;222;360;0;Urban;06-03-99;165695, 15433, 142989
LP002114;"Female;Neill;Berard";0;Graduate;No;4160;0;71;360;1;Semiurban;15-01-94;193946, 15066, 0
LP002115;"Male;Donella;Liebrecht";3;Not Graduate;No;2647;1587;173;360;1;Rural;24-12-02;86983, 0, 163672
LP002116;"Female;Bruis;Coley";0;Graduate;No;2378;0;46;360;1;Rural;22-09-01;183954, 6258, 69247
LP002119;"Male;Leoline;Koubek";1;Not Graduate;No;4554;1229;158;360;1;Urban;01-07-03;296932, 1889, 68354
LP002126;"Male;Sloane;Jorczyk";3;Not Graduate;No;3173;0;74;360;1;Semiurban;29-08-08;188321, 2369, 153985
LP002128;"Male;Roman;Robertshaw";2;Graduate;Yes;2583;2330;125;360;1;Rural;03-07-08;267142, 9514, 0
LP002129;"Male;Peder;Patchett";0;Graduate;No;2499;2458;160;360;1;Semiurban;09-06-08;138019, 5180, 0
LP002130;"Male;Fidelity;Donnachie";;Not Graduate;No;3523;3230;152;360;0;Rural;29-12-02;416293, 4063, 0
LP002131;"Male;Nickie;Gendrich";2;Not Graduate;No;3083;2168;126;360;1;Urban;06-03-93;107806, 9271, 169433
LP002137;"Male;Hi;Reith";0;Graduate;No;6333;4583;259;360;;Semiurban;14-09-02;457878, 6907, 0
LP002138;"Male;Alisha;Knight";0;Graduate;No;2625;6250;187;360;1;Rural;27-02-92;325413, 5507, 0
LP002139;"Male;Winne;Digle";0;Graduate;No;9083;0;228;360;1;Semiurban;08-06-98;394419, 7550, 0
LP002140;"Male;Beauregard;Maharry";0;Graduate;No;8750;4167;308;360;1;Rural;18-02-90;166552, 7385, 0
LP002141;"Male;Myrwyn;Laurenson";3;Graduate;No;2666;2083;95;360;1;Rural;16-11-95;469247, 0, 0
LP002142;"Female;Patrizio;Spaducci";0;Graduate;Yes;5500;0;105;360;0;Rural;31-07-04;426534, 11479, 0
LP002143;"Female;Marlo;Thorndale";0;Graduate;No;2423;505;130;360;1;Semiurban;03-01-93;325661, 3007, 0
LP002144;"Female;Starla;Wyllt";;Graduate;No;3813;0;116;180;1;Urban;08-01-99;196505, 18859, 64364
LP002149;"Male;Abagail;Brambell";2;Graduate;No;8333;3167;165;360;1;Rural;13-04-04;242189, 0, 102012
LP002151;"Male;Delmore;Burel";1;Graduate;No;3875;0;67;360;1;Urban;09-02-00;117801, 0, 0
LP002158;"Male;Giacobo;Ullyatt";0;Not Graduate;No;3000;1666;100;480;0;Urban;02-08-90;305007, 14517, 0
LP002160;"Male;Harriott;Vanelli";3;Graduate;No;5167;3167;200;360;1;Semiurban;27-10-00;296887, 1335, 0
LP002161;"Female;Taryn;Sygroves";1;Graduate;No;4723;0;81;360;1;Semiurban;18-05-06;497789, 3475, 0
LP002170;"Male;Kristy;Valentelli";2;Graduate;No;5000;3667;236;360;1;Semiurban;28-07-97;106996, 17975, 0
LP002175;"Male;Jarid;Pedden";0;Graduate;No;4750;2333;130;360;1;Urban;05-03-03;443994, 11838, 75665
LP002178;"Male;August;Python";0;Graduate;No;3013;3033;95;300;;Urban;30-12-94;460377, 0, 0
LP002180;"Male;Vivie;Featherston";0;Graduate;Yes;6822;0;141;360;1;Rural;10-11-95;123698, 1101, 190097
LP002181;"Male;Alleyn;Keynd";0;Not Graduate;No;6216;0;133;360;1;Rural;05-09-92;120558, 4576, 0
LP002187;"Male;Kipp;Batiste";0;Graduate;No;2500;0;96;480;1;Semiurban;15-08-08;240155, 6364, 0
LP002188;"Male;Blithe;Ousley";0;Graduate;No;5124;0;124;122;0;Rural;08-08-05;169294, 10731, 0
LP002190;"Male;Goldina;Sothcott";1;Graduate;No;6325;0;175;360;1;Semiurban;19-08-97;195250, 0, 0
LP002191;"Male;Darwin;Bourbon";0;Graduate;No;19730;5266;570;360;1;Rural;05-07-05;395985, 5021, 0
LP002194;"Female;Jacki;MacNucator";0;Graduate;Yes;15759;0;55;360;1;Semiurban;06-08-05;386767, 0, 162262
LP002197;"Male;Olag;Gress";2;Graduate;No;5185;0;155;360;1;Semiurban;29-07-90;314425, 13132, 0
LP002201;"Male;Shurlocke;Nertney";2;Graduate;Yes;9323;7873;380;300;1;Rural;22-10-94;209238, 19070, 0
LP002205;"Male;Wilek;Landman";1;Graduate;No;3062;1987;111;180;0;Urban;02-07-05;387400, 5783, 0
LP002209;"Female;Cherlyn;Heiner";0;Graduate;No;2764;1459;110;360;1;Urban;19-10-91;367274, 12109, 97355
LP002211;"Male;Ferdie;Bouda";0;Graduate;No;4817;923;120;180;1;Urban;16-06-08;377648, 3097, 0
LP002219;"Male;Emlynne;Village";3;Graduate;No;8750;4996;130;360;1;Rural;23-11-90;191153, 0, 0
LP002223;"Male;Towney;Berthelmot";0;Graduate;No;4310;0;130;360;;Semiurban;11-10-05;245777, 0, 0
LP002224;"Male;Nalani;Gynn";0;Graduate;No;3069;0;71;480;1;Urban;14-09-95;397681, 8051, 0
LP002225;"Male;Elmer;Fernez";2;Graduate;No;5391;0;130;360;1;Urban;07-07-96;377606, 8828, 120184
LP002226;"Male;Washington;Steggles";0;Graduate;Yes;3333;2500;128;360;1;Semiurban;22-10-01;341847, 0, 0
LP002229;"Male;Dillon;Mityushin";0;Graduate;No;5941;4232;296;360;1;Semiurban;14-08-04;441506, 17850, 0
LP002231;"Female;Teresina;Owers";0;Graduate;No;6000;0;156;360;1;Urban;13-08-90;173324, 8421, 0
LP002234;"Male;Hynda;Axtell";0;Graduate;Yes;7167;0;128;360;1;Urban;07-03-95;418893, 18090, 142921
LP002236;"Male;Carolan;Shard";2;Graduate;No;4566;0;100;360;1;Urban;06-02-90;270573, 8547, 60423
LP002237;"Male;Emmalee;Decaze";1;Graduate;No;3667;0;113;180;1;Urban;19-01-00;265841, 0, 0
LP002239;"Male;Rriocard;Billows";0;Not Graduate;No;2346;1600;132;360;1;Semiurban;18-01-96;421672, 15665, 50911
LP002243;"Male;Denney;Barme";0;Not Graduate;No;3010;3136;122;360;0;Urban;19-09-08;283674, 17634, 0
LP002244;"Male;Lauritz;Shillom";0;Graduate;No;2333;2417;136;360;1;Urban;09-10-00;314616, 18805, 0
LP002250;"Male;Denice;Tetford";0;Graduate;No;5488;0;125;360;1;Rural;21-05-90;406766, 10631, 184736
LP002255;"Male;Rafaello;Piechnik";3;Graduate;No;9167;0;185;360;1;Rural;08-04-95;77718, 1156, 0
LP002262;"Male;Israel;Lortzing";3;Graduate;No;9504;0;275;360;1;Rural;26-11-95;284291, 8170, 0
LP002263;"Male;Thadeus;Mullard";0;Graduate;No;2583;2115;120;360;;Urban;10-02-96;424827, 5101, 0
LP002265;"Male;Celestia;Palfree";2;Not Graduate;No;1993;1625;113;180;1;Semiurban;24-05-07;464810, 15129, 0
LP002266;"Male;Jesus;Reinbech";2;Graduate;No;3100;1400;113;360;1;Urban;30-03-92;278888, 16008, 0
LP002272;"Male;Mace;Hickenbottom";2;Graduate;No;3276;484;135;360;;Semiurban;09-08-06;137497, 11226, 0
LP002277;"Female;Clarie;Seeler";0;Graduate;No;3180;0;71;360;0;Urban;09-02-98;446590, 9578, 0
LP002281;"Male;Felicle;Klimontovich";0;Graduate;No;3033;1459;95;360;1;Urban;08-08-00;433215, 7998, 0
LP002284;"Male;Katee;Fishpool";0;Not Graduate;No;3902;1666;109;360;1;Rural;28-02-93;482321, 19203, 0
LP002287;"Female;Laurens;Staziker";0;Graduate;No;1500;1800;103;360;0;Semiurban;26-04-90;263536, 14798, 0
LP002288;"Male;Farica;D'Oyley";2;Not Graduate;No;2889;0;45;180;0;Urban;12-09-98;194985, 0, 0
LP002296;"Male;Anna;Minty";0;Not Graduate;No;2755;0;65;300;1;Rural;15-06-96;399746, 7998, 0
LP002297;"Male;Fletch;Kirrage";0;Graduate;No;2500;20000;103;360;1;Semiurban;02-08-99;483930, 18425, 0
LP002300;"Female;Lanna;Bendley";0;Not Graduate;No;1963;0;53;360;1;Semiurban;24-02-04;237537, 11864, 0
LP002301;"Female;Kimberlee;Foat";0;Graduate;Yes;7441;0;194;360;1;Rural;31-01-94;117594, 17981, 116753
LP002305;"Female;Darnall;Doumic";0;Graduate;No;4547;0;115;360;1;Semiurban;17-05-99;460361, 0, 0
LP002308;"Male;Caterina;Cowndley";0;Not Graduate;No;2167;2400;115;360;1;Urban;10-09-91;198959, 10554, 0
LP002314;"Female;Hazlett;Camble";0;Not Graduate;No;2213;0;66;360;1;Rural;08-10-04;483577, 17250, 0
LP002315;"Male;Barton;Griggs";1;Graduate;No;8300;0;152;300;0;Semiurban;03-09-95;122915, 2201, 0
LP002317;"Male;Nikki;Gagg";3;Graduate;No;81000;0;360;360;0;Rural;22-05-96;90480, 0, 0
LP002318;"Female;Garner;Lackmann";1;Not Graduate;Yes;3867;0;62;360;1;Semiurban;04-02-06;147866, 0, 0
LP002319;"Male;Petey;Demanche";0;Graduate;Yes;6256;0;160;360;;Urban;16-07-02;485530, 19067, 0
LP002328;"Male;Henry;Sheara";0;Not Graduate;No;6096;0;218;360;0;Rural;04-11-98;209118, 8365, 0
LP002332;"Male;Morse;Antrim";0;Not Graduate;No;2253;2033;110;360;1;Rural;13-01-03;253501, 4389, 0
LP002335;"Female;Flori;Siddon";0;Not Graduate;No;2149;3237;178;360;0;Semiurban;08-01-02;394893, 0, 0
LP002337;"Female;Roxie;Willes";0;Graduate;No;2995;0;60;360;1;Urban;16-06-93;475021, 0, 0
LP002341;"Female;Chloette;Kiossel";1;Graduate;No;2600;0;160;360;1;Urban;02-05-90;177825, 6931, 0
LP002342;"Male;Nichol;Ivens";2;Graduate;Yes;1600;20000;239;360;1;Urban;28-07-08;356533, 11091, 0
LP002345;"Male;Kelcie;Cabena";0;Graduate;No;1025;2773;112;360;1;Rural;07-03-00;491040, 0, 0
LP002347;"Male;Ogdan;Jollands";0;Graduate;No;3246;1417;138;360;1;Semiurban;24-10-01;393861, 13356, 94440
LP002348;"Male;Pamella;Rawdall";0;Graduate;No;5829;0;138;360;1;Rural;11-03-96;367609, 14789, 0
LP002357;"Female;Brunhilde;Heindrich";0;Not Graduate;No;2720;0;80;120;0;Urban;14-10-00;125753, 13814, 0
LP002361;"Male;Bobbie;McMearty";0;Graduate;No;1820;1719;100;360;1;Urban;22-11-98;296782, 12677, 0
LP002362;"Male;Juanita;Tift";1;Graduate;No;7250;1667;110;120;0;Urban;23-01-98;360503, 0, 50984
LP002364;"Male;Konstantine;Reveley";0;Graduate;No;14880;0;96;360;1;Semiurban;09-08-90;366009, 8472, 0
LP002366;"Male;Mady;McGreil";0;Graduate;No;2666;4300;121;360;1;Rural;02-11-98;359682, 8726, 0
LP002367;"Female;Adolphe;Devil";1;Not Graduate;No;4606;0;81;360;1;Rural;09-06-00;172243, 15118, 188644
LP002368;"Male;Sandor;English";2;Graduate;No;5935;0;133;360;1;Semiurban;06-04-97;146625, 19274, 0
LP002369;"Male;Myer;Leyre";0;Graduate;No;2920;16.12000084;87;360;1;Rural;15-12-90;204094, 14723, 51045
LP002370;"Male;Rianon;Pragnall";0;Not Graduate;No;2717;0;60;180;1;Urban;20-02-93;186893, 15141, 0
LP002377;"Female;Randa;Gerrad";1;Graduate;Yes;8624;0;150;360;1;Semiurban;09-06-06;482674, 9417, 0
LP002379;"Male;Yolanda;Braybrooke";0;Graduate;No;6500;0;105;360;0;Rural;29-07-04;85262, 10655, 0
LP002386;"Male;Edgar;Smogur";0;Graduate;No;12876;0;405;360;1;Semiurban;04-04-98;315143, 0, 0
LP002387;"Male;Cyrille;Klaus";0;Graduate;No;2425;2340;143;360;1;Semiurban;22-11-96;196888, 8466, 0
LP002390;"Male;Kristina;Kensit";0;Graduate;No;3750;0;100;360;1;Urban;05-07-92;195932, 8737, 0
LP002393;"Female;Aileen;Panichelli";;Graduate;No;10047;0;121;240;1;Semiurban;20-07-96;154434, 0, 67091
LP002398;"Male;Amby;Tailby";0;Graduate;No;1926;1851;50;360;1;Semiurban;31-01-90;160779, 18280, 0
LP002401;"Male;Durand;Goward";0;Graduate;No;2213;1125;112;360;1;Urban;14-10-91;145651, 0, 0
LP002403;"Male;Job;Glanz";0;Graduate;Yes;10416;0;187;360;0;Urban;09-02-06;251910, 1599, 143155
LP002407;"Female;Frasier;Hilling";0;Not Graduate;Yes;7142;0;138;360;1;Rural;30-11-00;152250, 6860, 0
LP002408;"Male;Ginger;Cursey";0;Graduate;No;3660;5064;187;360;1;Semiurban;30-09-08;345465, 14600, 0
LP002409;"Male;Willette;Worsam";0;Graduate;No;7901;1833;180;360;1;Rural;29-09-06;207073, 0, 0
LP002418;"Male;Harlan;Dwire";3;Not Graduate;No;4707;1993;148;360;1;Semiurban;03-01-91;484024, 7748, 0
LP002422;"Male;Charmain;Mansfield";1;Graduate;No;37719;0;152;360;1;Semiurban;05-03-92;409890, 17026, 0
LP002424;"Male;Robbyn;Prestidge";0;Graduate;No;7333;8333;175;300;;Rural;16-06-02;403757, 15241, 0
LP002429;"Male;Goldina;Bann";1;Graduate;Yes;3466;1210;130;360;1;Rural;04-07-04;251108, 12848, 0
LP002434;"Male;Corena;Kilfedder";2;Not Graduate;No;4652;0;110;360;1;Rural;14-06-04;273530, 12332, 0
LP002435;"Male;Fred;Hynard";0;Graduate;Yes;3539;1376;55;360;1;Rural;04-08-98;118103, 6298, 0
LP002443;"Male;Jeannine;Dumingos";2;Graduate;No;3340;1710;150;360;0;Rural;28-11-03;479749, 13452, 144606
LP002444;"Male;Cariotta;McChruiter";1;Not Graduate;Yes;2769;1542;190;360;;Semiurban;05-04-04;97857, 14639, 0
LP002446;"Male;Consuelo;Priddey";2;Not Graduate;No;2309;1255;125;360;0;Rural;05-02-90;370591, 8486, 0
LP002447;"Male;Jillana;Craigheid";2;Not Graduate;No;1958;1456;60;300;;Urban;17-10-03;176539, 15732, 0
LP002448;"Male;Isador;Buche";0;Graduate;No;3948;1733;149;360;0;Rural;20-07-05;308598, 13010, 134190
LP002449;"Male;Antonia;Burvill";0;Graduate;No;2483;2466;90;180;0;Rural;08-11-95;461473, 8747, 0
LP002453;"Male;Sandy;Ferrant";0;Graduate;Yes;7085;0;84;360;1;Semiurban;08-02-98;80465, 3182, 136557
LP002455;"Male;Fraze;Baert";2;Graduate;No;3859;0;96;360;1;Semiurban;26-11-08;206091, 16678, 0
LP002459;"Male;Cecelia;Bolwell";0;Graduate;No;4301;0;118;360;1;Urban;26-11-05;371341, 1707, 0
LP002467;"Male;Jerrome;Wisniowski";0;Graduate;No;3708;2569;173;360;1;Urban;28-02-06;459229, 0, 0
LP002472;"Male;Isaac;Scothern";2;Graduate;No;4354;0;136;360;1;Rural;18-01-90;341260, 15189, 0
LP002473;"Male;Udell;Dewan";0;Graduate;No;8334;0;160;360;1;Semiurban;09-07-91;232279, 0, 0
LP002478;"0;Teodoor;Samet";0;Graduate;Yes;2083;4083;160;360;;Semiurban;17-03-91;492185, 0, 0
LP002484;"Male;Mellisa;Coke";3;Graduate;No;7740;0;128;180;1;Urban;30-07-05;148333, 0, 0
LP002487;"Male;Cordi;Crouse";0;Graduate;No;3015;2188;153;360;1;Rural;27-11-08;83487, 15479, 0
LP002489;"Female;Rutter;Chace";1;Not Graduate;Yes;5191;0;132;360;1;Semiurban;20-05-04;147425, 14139, 0
LP002493;"Male;Erie;Flori";0;Graduate;No;4166;0;98;360;0;Semiurban;06-04-97;179135, 14066, 0
LP002494;"Male;Massimiliano;Schleicher";0;Graduate;No;6000;0;140;360;1;Rural;31-05-00;241811, 13334, 0
LP002500;"Male;Ransell;Jozwicki";3;Not Graduate;No;2947;1664;70;180;0;Urban;25-12-99;204916, 10499, 0
LP002501;"0;Noble;Fleet";0;Graduate;No;16692;0;110;360;1;Semiurban;28-11-08;153212, 0, 0
LP002502;"Female;Ag;Stopps";2;Not Graduate;Yes;210;2917;98;360;1;Semiurban;25-05-94;116974, 0, 81404
LP002505;"Male;Bay;Medcalfe";0;Graduate;No;4333;2451;110;360;1;Urban;16-02-90;412982, 0, 0
LP002515;"Male;Taddeo;Brim";1;Graduate;Yes;3450;2079;162;360;1;Semiurban;16-07-02;351405, 12503, 119167
LP002517;"Male;Clemente;Albin";1;Not Graduate;No;2653;1500;113;180;0;Rural;19-09-06;392621, 4799, 0
LP002519;"Male;Filberto;MacTeggart";3;Graduate;No;4691;0;100;360;1;Semiurban;21-05-07;202851, 9417, 0
LP002522;"Female;Bastien;Giacomelli";0;Graduate;Yes;2500;0;93;360;;Urban;09-06-95;433800, 17525, 104528
LP002524;"Male;April;Cuddehy";2;Graduate;No;5532;4648;162;360;1;Rural;15-07-04;422006, 7532, 0
LP002527;"Male;Chiarra;Ghidotti";2;Graduate;Yes;16525;1014;150;360;1;Rural;14-12-90;424923, 6580, 0
LP002529;"Male;Aguste;Braund";2;Graduate;No;6700;1750;230;300;1;Semiurban;02-07-04;463121, 16212, 0
LP002530;"0;Frasier;Tarply";2;Graduate;No;2873;1872;132;360;0;Semiurban;29-04-92;353048, 0, 57589
LP002531;"Male;Urbano;Kuna";1;Graduate;Yes;16667;2250;86;360;1;Semiurban;18-04-92;208093, 15904, 0
LP002533;"Male;Cherye;Comley";2;Graduate;No;2947;1603;122;360;1;Urban;11-01-00;426852, 12367, 0
LP002534;"Female;Randall;Jobson";0;Not Graduate;No;4350;0;154;360;1;Rural;12-10-00;401470, 13709, 0
LP002536;"Male;Jeannie;Wynett";3;Not Graduate;No;3095;0;113;360;1;Rural;18-01-02;124289, 18542, 0
LP002537;"Male;Melina;Juarez";0;Graduate;No;2083;3150;128;360;1;Semiurban;12-06-05;482357, 5605, 0
LP002541;"Male;Hercules;O';Neligan";0;Graduate;No;10833;0;234;360;1;Semiurban;24-08-99;381192, 17031, 0
LP002543;"Male;Erie;Greenstreet";2;Graduate;No;8333;0;246;360;1;Semiurban;22-02-05;469113, 4832, 0
LP002544;"Male;Haleigh;Pesterfield";1;Not Graduate;No;1958;2436;131;360;1;Rural;08-04-92;338574, 4496, 0
LP002545;"Male;Jsandye;Rothert";2;Graduate;No;3547;0;80;360;0;Rural;14-01-98;385189, 0, 84842
LP002547;"Male;Elsie;Issitt";1;Graduate;No;18333;0;500;360;1;Urban;16-12-03;205453, 5538, 0
LP002555;"Male;Kessia;Cripwell";2;Graduate;Yes;4583;2083;160;360;1;Semiurban;20-05-99;366567, 19975, 0
LP002556;"Male;Ronny;Raysdale";0;Graduate;No;2435;0;75;360;1;Urban;01-12-00;301177, 14391, 0
LP002560;"Male;Duff;Peeke-Vout";0;Not Graduate;No;2699;2785;96;360;;Semiurban;14-01-06;188810, 11794, 0
LP002562;"Male;Noella;Hairs";1;Not Graduate;No;5333;1131;186;360;;Urban;06-11-98;245155, 1453, 0
LP002571;"Male;Tore;Risley";0;Not Graduate;No;3691;0;110;360;1;Rural;08-05-97;159827, 19275, 0
LP002582;"Female;Richie;Critch";0;Not Graduate;Yes;17263;0;225;360;1;Semiurban;12-02-99;385964, 18583, 56111
LP002585;"Male;Jeremiah;Boate";0;Graduate;No;3597;2157;119;360;0;Rural;16-09-03;340777, 2972, 0
LP002586;"Female;Doro;Colleer";1;Graduate;No;3326;913;105;84;1;Semiurban;03-01-93;91118, 2192, 0
LP002587;"Male;Hewett;Furber";0;Not Graduate;No;2600;1700;107;360;1;Rural;26-02-97;285420, 0, 117559
LP002588;"Male;Meredith;Noto";0;Graduate;No;4625;2857;111;12;;Urban;26-03-91;112658, 7349, 180462
LP002600;"Male;Helga;Diloway";1;Graduate;Yes;2895;0;95;360;1;Semiurban;06-04-99;264519, 14074, 0
LP002602;"Male;Gilles;Szachniewicz";0;Graduate;No;6283;4416;209;360;0;Rural;09-10-98;401595, 0, 0
LP002603;"Female;Joleen;Balfre";0;Graduate;No;645;3683;113;480;1;Rural;06-10-05;464353, 0, 0
LP002606;"Female;Justino;Lucien";0;Graduate;No;3159;0;100;360;1;Semiurban;27-07-90;80507, 13458, 143854
LP002615;"Male;Gregorio;Harbottle";2;Graduate;No;4865;5624;208;360;1;Semiurban;31-12-94;247939, 9332, 0
LP002618;"Male;Hurlee;Yurin";1;Not Graduate;No;4050;5302;138;360;;Rural;30-05-07;497226, 3569, 105358
LP002619;"Male;Quintilla;Hallitt";0;Not Graduate;No;3814;1483;124;300;1;Semiurban;11-08-02;322631, 18686, 0
LP002622;"Male;Bevon;Drillot";2;Graduate;No;3510;4416;243;360;1;Rural;16-05-07;235160, 14413, 0
LP002624;"Male;Carita;Bayford";0;Graduate;No;20833;6667;480;360;;Urban;14-02-99;454658, 12744, 0
LP002625;"0;Britte;Milliken";0;Graduate;No;3583;0;96;360;1;Urban;17-12-03;409960, 9005, 0
LP002626;"Male;Jeniece;Bownd";0;Graduate;Yes;2479;3013;188;360;1;Urban;06-03-96;152701, 0, 51193
LP002634;"Female;Margery;Jurca";1;Graduate;No;13262;0;40;360;1;Urban;03-07-06;249329, 3673, 0
LP002637;"Male;Francoise;Beddis";0;Not Graduate;No;3598;1287;100;360;1;Rural;29-04-08;299460, 17854, 0
LP002640;"Male;Hendrika;Guice";1;Graduate;No;6065;2004;250;360;1;Semiurban;19-10-02;154436, 12199, 0
LP002643;"Male;Mandie;Saffrin";2;Graduate;No;3283;2035;148;360;1;Urban;10-04-90;230974, 9098, 0
LP002648;"Male;Sheppard;Charman";0;Graduate;No;2130;6666;70;180;1;Semiurban;27-11-98;116970, 3169, 0
LP002652;"Male;Gonzalo;Polendine";0;Graduate;No;5815;3666;311;360;1;Rural;08-06-95;239533, 13672, 88012
LP002659;"Male;Jaymie;Kinker";3;Graduate;No;3466;3428;150;360;1;Rural;13-01-92;231035, 8470, 109943
LP002670;"Female;Mac;Dobbinson";2;Graduate;No;2031;1632;113;480;1;Semiurban;27-10-08;183402, 7424, 0
LP002682;"Male;Steffi;Exon";;Not Graduate;No;3074;1800;123;360;0;Semiurban;14-12-01;145773, 0, 114904
LP002683;"Male;Lionello;Ubee";0;Graduate;No;4683;1915;185;360;1;Semiurban;07-10-00;301933, 1852, 0
LP002684;"Female;Arlan;O'Rafferty";0;Not Graduate;No;3400;0;95;360;1;Rural;26-04-96;377025, 3308, 0
LP002689;"Male;Ulrick;Northall";2;Not Graduate;No;2192;1742;45;360;1;Semiurban;04-06-93;491758, 2602, 0
LP002690;"Male;Jeana;Minall";0;Graduate;No;2500;0;55;360;1;Semiurban;31-05-99;423664, 16298, 0
LP002692;"Male;Keven;Fleg";3;Graduate;Yes;5677;1424;100;360;1;Rural;25-11-97;133162, 0, 142426
LP002693;"Male;Crin;Pickthall";2;Graduate;Yes;7948;7166;480;360;1;Rural;21-02-00;192976, 9416, 0
LP002697;"Male;Lemuel;Izzard";0;Graduate;No;4680;2087;111;360;1;Semiurban;27-07-91;166492, 2662, 73839
LP002699;"Male;Asia;Bog";2;Graduate;Yes;17500;0;400;360;1;Rural;13-03-99;449181, 15545, 0
LP002705;"Male;Burgess;Gherardi";0;Graduate;No;3775;0;110;360;1;Semiurban;19-04-92;295426, 3581, 0
LP002706;"Male;Robin;Marion";1;Not Graduate;No;5285;1430;161;360;0;Semiurban;17-07-08;78879, 9247, 100289
LP002714;"Male;Ingunna;Fieldgate";1;Not Graduate;No;2679;1302;94;360;1;Semiurban;21-08-03;387434, 11391, 0
LP002716;"Male;Reinwald;Colman";0;Not Graduate;No;6783;0;130;360;1;Semiurban;27-11-05;324734, 0, 0
LP002717;"Male;Lynna;Divis";0;Graduate;No;1025;5500;216;360;;Rural;31-01-03;353457, 3233, 0
LP002720;"Male;Nanete;Fellon";3;Graduate;No;4281;0;100;360;1;Urban;13-07-95;254206, 11222, 0
LP002723;"Male;Felicle;Bull";2;Graduate;No;3588;0;110;360;0;Rural;14-05-07;188584, 8567, 0
LP002729;"Male;Lusa;Coolahan";1;Graduate;No;11250;0;196;360;;Semiurban;18-06-04;286825, 9998, 0
LP002731;"Female;Adriano;Woodley";0;Not Graduate;Yes;18165;0;125;360;1;Urban;04-10-07;366507, 10540, 109903
LP002732;"Male;Misti;Yushkov";0;Not Graduate;No;2550;2042;126;360;1;Rural;16-03-07;431665, 0, 0
LP002734;"Male;Hinda;Penniall";0;Graduate;No;6133;3906;324;360;1;Urban;20-05-90;222647, 10955, 0
LP002738;"Male;Phelia;Gyppes";2;Graduate;No;3617;0;107;360;1;Semiurban;25-11-90;192847, 10809, 0
LP002739;"Male;Shauna;Allchin";0;Not Graduate;No;2917;536;66;360;1;Rural;22-10-91;203030, 17825, 0
LP002740;"Male;Denice;Bolton";3;Graduate;No;6417;0;157;180;1;Rural;11-08-00;139959, 4132, 0
LP002741;"Female;Jacquenetta;Deluca";1;Graduate;No;4608;2845;140;180;1;Semiurban;25-12-91;259060, 8557, 0
LP002743;"Female;Mae;Gildea";0;Graduate;No;2138;0;99;360;0;Semiurban;13-05-08;410929, 18812, 0
LP002753;"Female;Brody;Hunnable";1;Graduate;Yes;3652;0;95;360;1;Semiurban;16-03-97;252114, 3511, 0
LP002755;"Male;Malva;Bovey";1;Not Graduate;No;2239;2524;128;360;1;Urban;25-06-02;123398, 8293, 0
LP002757;"Female;Tabbitha;Ackrill";0;Not Graduate;No;3017;663;102;360;;Semiurban;03-08-97;439965, 3217, 0
LP002767;"Male;Allison;Kitchenham";0;Graduate;No;2768;1950;155;360;1;Rural;09-02-04;164245, 15745, 0
LP002768;"Male;Mariquilla;Giacoppo";0;Not Graduate;No;3358;0;80;36;1;Semiurban;05-06-95;339445, 0, 114945
LP002772;"Male;Chastity;Hartness";0;Graduate;No;2526;1783;145;360;1;Rural;09-01-00;317356, 10178, 0
LP002776;"Female;Carlene;Schlagman";0;Graduate;No;5000;0;103;360;0;Semiurban;24-12-02;259254, 15609, 0
LP002777;"Male;Tonnie;Wones";0;Graduate;No;2785;2016;110;360;1;Rural;12-04-95;83555, 16594, 0
LP002778;"Male;Gaultiero;Adolf";2;Graduate;Yes;6633;0;122;360;0;Rural;08-12-90;284903, 3470, 0
LP002784;"Male;Fritz;Abramzon";1;Not Graduate;No;2492;2375;221;360;1;Rural;01-02-00;326427, 2608, 0
LP002785;"Male;Tammy;Curless";1;Graduate;No;3333;3250;158;360;1;Urban;12-05-96;217791, 16242, 0
LP002788;"Male;Al;Yukhnov";0;Not Graduate;No;2454;2333;181;360;0;Urban;14-10-01;101880, 8846, 0
LP002789;"Male;Orsola;Carik";0;Graduate;No;3593;4266;132;180;0;Rural;09-03-91;175288, 1364, 0
LP002792;"Male;Beilul;Matterdace";1;Graduate;No;5468;1032;26;360;1;Semiurban;06-01-95;289006, 7008, 67090
LP002794;"Female;Willi;Vanichkin";0;Graduate;No;2667;1625;84;360;;Urban;09-08-08;271188, 16581, 0
LP002795;"Male;Shauna;Tomowicz";3;Graduate;Yes;10139;0;260;360;1;Semiurban;19-08-96;397075, 3715, 75029
LP002798;"Male;Aldrich;McCallam";0;Graduate;No;3887;2669;162;360;1;Semiurban;03-02-08;197118, 13230, 0
LP002804;"Female;Dinny;Douty";0;Graduate;No;4180;2306;182;360;1;Semiurban;20-10-94;402579, 13040, 0
LP002807;"Male;Holly;Romaines";2;Not Graduate;No;3675;242;108;360;1;Semiurban;29-06-99;343783, 0, 0
LP002813;"Female;Ally;Jasik";1;Graduate;Yes;19484;0;600;360;1;Semiurban;24-10-99;210899, 11862, 0
LP002820;"Male;Aileen;Bugdall";0;Graduate;No;5923;2054;211;360;1;Rural;30-09-07;177546, 17921, 0
LP002821;"Male;Atlanta;Crowter";0;Not Graduate;Yes;5800;0;132;360;1;Semiurban;17-06-08;342192, 5858, 0
LP002832;"Male;Martha;Pascho";2;Graduate;No;8799;0;258;360;0;Urban;22-06-97;348671, 13107, 0
LP002833;"Male;Felike;Jennaroy";0;Not Graduate;No;4467;0;120;360;;Rural;09-07-04;308143, 0, 0
LP002836;"Male;Ross;Cubbino";0;Graduate;No;3333;0;70;360;1;Urban;15-07-92;315858, 0, 0
LP002837;"Male;Linoel;Effnert";3;Graduate;No;3400;2500;123;360;0;Rural;09-06-06;481689, 1554, 0
LP002840;"Female;Ariana;Taber";0;Graduate;No;2378;0;9;360;1;Urban;28-04-08;148982, 0, 0
LP002841;"Male;Al;Bresland";0;Graduate;No;3166;2064;104;360;0;Urban;27-06-04;458567, 0, 0
LP002842;"Male;Harald;Tsar";1;Graduate;No;3417;1750;186;360;1;Urban;10-08-98;393021, 8112, 157388
LP002847;"Male;Coral;Allbon";;Graduate;No;5116;1451;165;360;0;Urban;03-12-04;312449, 0, 0
LP002855;"Male;Odelia;Hurch";2;Graduate;No;16666;0;275;360;1;Urban;03-03-98;207796, 18021, 0
LP002862;"Male;Lorettalorna;Vivian";2;Not Graduate;No;6125;1625;187;480;1;Semiurban;02-07-99;281689, 12004, 0
LP002863;"Male;Pattin;Tacker";3;Graduate;No;6406;0;150;360;1;Semiurban;10-03-06;495942, 11841, 0
LP002868;"Male;Cookie;Boughton";2;Graduate;No;3159;461;108;84;1;Urban;28-05-03;84954, 1572, 118359
LP002872;"0;Aliza;Cordingly";0;Graduate;No;3087;2210;136;360;0;Semiurban;15-02-06;189225, 0, 0
LP002874;"Male;Ed;Connick";0;Graduate;No;3229;2739;110;360;1;Urban;24-09-92;286382, 0, 0
LP002877;"Male;Lynn;Aksell";1;Graduate;No;1782;2232;107;360;1;Rural;11-05-01;251115, 5400, 0
LP002888;"Male;Duffy;Friend";0;Graduate;Yes;3182;2917;161;360;1;Urban;23-01-94;425303, 14184, 0
LP002892;"Male;Aida;Metterick";2;Graduate;No;6540;0;205;360;1;Semiurban;19-05-94;482362, 4849, 0
LP002893;"Male;Jenelle;Trowl";0;Graduate;No;1836;33837;90;360;1;Urban;15-07-90;296704, 16320, 0
LP002894;"Female;Kim;Sheirlaw";0;Graduate;No;3166;0;36;360;1;Semiurban;07-12-07;314985, 11584, 0
LP002898;"Male;Shane;Philipet";1;Graduate;No;1880;0;61;360;;Rural;16-04-96;452536, 19554, 0
LP002911;"Male;Ellerey;McGinn";1;Graduate;No;2787;1917;146;360;0;Rural;21-01-06;105329, 19385, 114265
LP002912;"Male;Kelly;Bryceson";1;Graduate;No;4283;3000;172;84;1;Rural;26-07-91;322669, 10761, 0
LP002916;"Male;Jud;Kestin";0;Graduate;No;2297;1522;104;360;1;Urban;15-09-99;139797, 12530, 0
LP002917;"Female;Gauthier;Brennan";0;Not Graduate;No;2165;0;70;360;1;Semiurban;01-10-99;163099, 5773, 0
LP002925;"0;Holden;Bineham";0;Graduate;No;4750;0;94;360;1;Semiurban;11-09-00;471475, 3680, 0
LP002926;"Male;Paquito;Findley";2;Graduate;Yes;2726;0;106;360;0;Semiurban;11-07-92;137807, 18331, 0
LP002928;"Male;Goldarina;Ughini";0;Graduate;No;3000;3416;56;180;1;Semiurban;01-08-04;339791, 11424, 187248
LP002931;"Male;Theobald;Southon";2;Graduate;Yes;6000;0;205;240;1;Semiurban;22-11-06;388598, 17626, 0
LP002933;"0;Si;Paige";3;Graduate;Yes;9357;0;292;360;1;Semiurban;02-07-96;309284, 0, 0
LP002936;"Male;Hillery;Krolak";0;Graduate;No;3859;3300;142;180;1;Rural;17-01-99;493160, 18287, 0
LP002938;"Male;Ingmar;Marrable";0;Graduate;Yes;16120;0;260;360;1;Urban;22-08-93;152415, 0, 145973
LP002940;"Male;Brittan;Webland";0;Not Graduate;No;3833;0;110;360;1;Rural;17-08-01;161717, 3945, 0
LP002941;"Male;Berget;Childe";2;Not Graduate;Yes;6383;1000;187;360;1;Rural;07-10-90;372440, 8506, 69342
LP002943;"Male;Devora;Gonzales";;Graduate;No;2987;0;88;360;0;Semiurban;03-01-91;263897, 14531, 149760
LP002945;"Male;Emmit;Dobell";0;Graduate;Yes;9963;0;180;360;1;Rural;09-06-06;194204, 4682, 0
LP002948;"Male;Zackariah;Harland";2;Graduate;No;5780;0;192;360;1;Urban;20-02-09;306058, 0, 0
LP002949;"Female;Aviva;Lawrance";3;Graduate;Yes;416;41667;350;180;;Urban;08-08-99;102597, 0, 0
LP002950;"Male;Baxy;Galtone";0;Not Graduate;No;2894;2792;155;360;1;Rural;24-08-94;158960, 4108, 0
LP002953;"Male;Baudoin;Thelwll";3;Graduate;No;5703;0;128;360;1;Urban;08-06-08;94220, 12921, 0
LP002958;"Male;Fiann;Boodle";0;Graduate;No;3676;4301;172;360;1;Rural;27-11-02;115158, 0, 86568
LP002959;"Female;Carolus;Gohier";1;Graduate;No;12000;0;496;360;1;Semiurban;19-02-03;214906, 0, 126587
LP002960;"Male;Cosme;Crannach";0;Not Graduate;No;2400;3800;78;180;1;Urban;17-10-92;364007, 13532, 0
LP002961;"Male;Brendin;McLeoid";1;Graduate;No;3400;2500;173;360;1;Semiurban;19-05-03;280945, 17081, 0
LP002964;"Male;Ian;Boustred";2;Not Graduate;No;3987;1411;157;360;1;Rural;09-06-05;390955, 18167, 89791
LP002974;"Male;Franklyn;Gerson";0;Graduate;No;3232;1950;108;360;1;Rural;07-08-90;370105, 17951, 0
LP002978;"Female;Amos;Pococke";0;Graduate;No;2900;0;71;360;1;Rural;08-03-90;314752, 12657, 70899
LP002979;"Male;Berenice;Prestwich";3;Graduate;No;4106;0;40;180;1;Rural;03-05-93;441711, 12845, 0
LP002983;"Male;Dolph;Winspar";1;Graduate;No;8072;240;253;360;1;Urban;09-10-04;157014, 0, 0
LP002984;"Male;Marquita;Vasenkov";2;Graduate;No;7583;0;187;360;1;Urban;28-07-99;295304, 6593, 0
LP002990;"Female;Ebeneser;Lahrs";0;Graduate;Yes;4583;0;133;360;0;Semiurban;16-12-04;115019, 0, 187255
