Prestamo_ID,Genero,Casado,Dependientes,Graduado,Autonomo,IngresosAplicante,IngresosCoaplicante,CantidadPrestamos,Plazo,HistorialCrediticio,AreaPropietario,PrestamoAceptado,FechaPeticionPrestamo,
LP001002,Male,No,0,Graduate,No,"5849,00","0,00",,360,1,Urban,Y,19-4-90,
LP001003,Male,Yes,1,Graduate,No,"4583,00","1508,00",128,360,1,Rural,N,26-7-99,
LP001005,Male,Yes,0,Graduate,Yes,"3000,00","0,00",66,360,1,Urban,Y,23-4-98,
LP001006,Male,Yes,0,Not Graduate,No,"2583,00","2358,00",120,360,1,Urban,Y,14-10-04,
LP001008,Male,No,0,Graduate,No,"6000,00","0,00",141,360,1,Urban,Y,17-3-96,
LP001011,Male,Yes,2,Graduate,Yes,"5417,00","4196,00",267,360,1,Urban,Y,1-3-90,
LP001013,Male,Yes,0,Not Graduate,No,"2333,00","1516,00",95,360,1,Urban,Y,21-2-95,
LP001014,Male,Yes,3+,Graduate,No,"3036,00","2504,00",158,360,0,Semiurban,N,28-10-99,
LP001018,Male,Yes,2,Graduate,No,"4006,00","1526,00",168,360,1,Urban,Y,26-2-94,
LP001020,Male,Yes,1,Graduate,No,"12841,00","10968,00",349,360,1,Semiurban,N,12-9-99,
LP001024,Male,Yes,2,Graduate,No,"3200,00","700,00",70,360,1,Urban,Y,20-9-07,
LP001027,Male,Yes,2,Graduate,,"2500,00","1840,00",109,360,1,Urban,Y,28-2-90,
LP001028,Male,Yes,2,Graduate,No,"3073,00","8106,00",200,360,1,Urban,Y,5-8-96,
LP001029,Male,No,0,Graduate,No,"1853,00","2840,00",114,360,1,Rural,N,15-2-01,
LP001030,Male,Yes,2,Graduate,No,"1299,00","1086,00",17,120,1,Urban,Y,12-11-94,
LP001032,Male,No,0,Graduate,No,"4950,00","0,00",125,360,1,Urban,Y,11-5-93,
LP001034,Male,No,1,Not Graduate,No,"3596,00","0,00",100,240,,Urban,Y,2-5-96,
LP001036,Female,No,0,Graduate,No,"3510,00","0,00",76,360,0,Urban,N,15-5-07,
LP001038,Male,Yes,0,Not Graduate,No,"4887,00","0,00",133,360,1,Rural,N,15-2-96,
LP001041,Male,Yes,0,Graduate,,"2600,00","3500,00",115,,1,Urban,Y,17-5-90,
LP001043,Male,Yes,0,Not Graduate,No,"7660,00","0,00",104,360,0,Urban,N,9-4-05,
LP001046,Male,Yes,1,Graduate,No,"5955,00","5625,00",315,360,1,Urban,Y,29-3-04,
LP001047,Male,Yes,0,Not Graduate,No,"2600,00","1911,00",116,360,0,Semiurban,N,30-5-05,
LP001050,,Yes,2,Not Graduate,No,"3365,00","1917,00",112,360,0,Rural,N,15-10-02,
LP001052,Male,Yes,1,Graduate,,"3717,00","2925,00",151,360,,Semiurban,N,10-9-01,
LP001066,Male,Yes,0,Graduate,Yes,"9560,00","0,00",191,360,1,Semiurban,Y,14-5-92,
LP001068,Male,Yes,0,Graduate,No,"2799,00","2253,00",122,360,1,Semiurban,Y,1-6-92,
LP001073,Male,Yes,2,Not Graduate,No,"4226,00","1040,00",110,360,1,Urban,Y,19-8-92,
LP001086,Male,No,0,Not Graduate,No,"1442,00","0,00",35,360,1,Urban,N,25-10-03,
LP001087,Female,No,2,Graduate,,"3750,00","2083,00",120,360,1,Semiurban,Y,28-9-91,
LP001091,Male,Yes,1,Graduate,,"4166,00","3369,00",201,360,,Urban,N,19-12-96,
LP001095,Male,No,0,Graduate,No,"3167,00","0,00",74,360,1,Urban,N,5-4-94,
LP001097,Male,No,1,Graduate,Yes,"4692,00","0,00",106,360,1,Rural,N,1-4-06,
LP001098,Male,Yes,0,Graduate,No,"3500,00","1667,00",114,360,1,Semiurban,Y,2-2-93,
LP001100,Male,No,3+,Graduate,No,"12500,00","3000,00",320,360,1,Rural,N,15-3-97,
LP001106,Male,Yes,0,Graduate,No,"2275,00","2067,00",,360,1,Urban,Y,20-2-03,
LP001109,Male,Yes,0,Graduate,No,"1828,00","1330,00",100,,0,Urban,N,16-1-91,
LP001112,Female,Yes,0,Graduate,No,"3667,00","1459,00",144,360,1,Semiurban,Y,9-9-06,
LP001114,Male,No,0,Graduate,No,"4166,00","7210,00",184,360,1,Urban,Y,12-5-03,
LP001116,Male,No,0,Not Graduate,No,"3748,00","1668,00",110,360,1,Semiurban,Y,25-4-90,
LP001119,Male,No,0,Graduate,No,"3600,00","0,00",80,360,1,Urban,N,28-10-91,
LP001120,Male,No,0,Graduate,No,"1800,00","1213,00",47,360,1,Urban,Y,13-2-00,
LP001123,Male,Yes,0,Graduate,No,"2400,00","0,00",75,360,,Urban,Y,1-4-99,
LP001131,Male,Yes,0,Graduate,No,"3941,00","2336,00",134,360,1,Semiurban,Y,18-7-96,
LP001136,Male,Yes,0,Not Graduate,Yes,"4695,00","0,00",96,,1,Urban,Y,16-2-08,
LP001137,Female,No,0,Graduate,No,"3410,00","0,00",88,,1,Urban,Y,22-5-06,
LP001138,Male,Yes,1,Graduate,No,"5649,00","0,00",44,360,1,Urban,Y,27-2-08,
LP001144,Male,Yes,0,Graduate,No,"5821,00","0,00",144,360,1,Urban,Y,24-9-08,
LP001146,Female,Yes,0,Graduate,No,"2645,00","3440,00",120,360,0,Urban,N,24-10-06,
LP001151,Female,No,0,Graduate,No,"4000,00","2275,00",144,360,1,Semiurban,Y,18-11-02,
LP001155,Female,Yes,0,Not Graduate,No,"1928,00","1644,00",100,360,1,Semiurban,Y,12-10-02,
LP001157,Female,No,0,Graduate,No,"3086,00","0,00",120,360,1,Semiurban,Y,10-11-96,
LP001164,Female,No,0,Graduate,No,"4230,00","0,00",112,360,1,Semiurban,N,30-8-91,
LP001179,Male,Yes,2,Graduate,No,"4616,00","0,00",134,360,1,Urban,N,18-1-06,
LP001186,Female,Yes,1,Graduate,Yes,"11500,00","0,00",286,360,0,Urban,N,9-1-01,
LP001194,Male,Yes,2,Graduate,No,"2708,00","1167,00",97,360,1,Semiurban,Y,28-2-98,
LP001195,Male,Yes,0,Graduate,No,"2132,00","1591,00",96,360,1,Semiurban,Y,5-8-97,
LP001197,Male,Yes,0,Graduate,No,"3366,00","2200,00",135,360,1,Rural,N,15-11-92,
LP001198,Male,Yes,1,Graduate,No,"8080,00","2250,00",180,360,1,Urban,Y,7-10-07,
LP001199,Male,Yes,2,Not Graduate,No,"3357,00","2859,00",144,360,1,Urban,Y,17-11-08,
LP001205,Male,Yes,0,Graduate,No,"2500,00","3796,00",120,360,1,Urban,Y,16-2-90,
LP001206,Male,Yes,3+,Graduate,No,"3029,00","0,00",99,360,1,Urban,Y,23-6-02,
LP001207,Male,Yes,0,Not Graduate,Yes,"2609,00","3449,00",165,180,0,Rural,N,17-10-01,
LP001213,Male,Yes,1,Graduate,No,"4945,00","0,00",,360,0,Rural,N,6-9-05,
LP001222,Female,No,0,Graduate,No,"4166,00","0,00",116,360,0,Semiurban,N,22-9-92,
LP001225,Male,Yes,0,Graduate,No,"5726,00","4595,00",258,360,1,Semiurban,N,16-4-02,
LP001228,Male,No,0,Not Graduate,No,"3200,00","2254,00",126,180,0,Urban,N,13-4-97,
LP001233,Male,Yes,1,Graduate,No,"10750,00","0,00",312,360,1,Urban,Y,6-3-99,
LP001238,Male,Yes,3+,Not Graduate,Yes,"7100,00","0,00",125,60,1,Urban,Y,24-6-03,
LP001241,Female,No,0,Graduate,No,"4300,00","0,00",136,360,0,Semiurban,N,16-10-98,
LP001243,Male,Yes,0,Graduate,No,"3208,00","3066,00",172,360,1,Urban,Y,6-5-01,
LP001245,Male,Yes,2,Not Graduate,Yes,"1875,00","1875,00",97,360,1,Semiurban,Y,6-3-98,
LP001248,Male,No,0,Graduate,No,"3500,00","0,00",81,300,1,Semiurban,Y,19-9-02,
LP001250,Male,Yes,3+,Not Graduate,No,"4755,00","0,00",95,,0,Semiurban,N,4-4-08,
LP001253,Male,Yes,3+,Graduate,Yes,"5266,00","1774,00",187,360,1,Semiurban,Y,10-3-08,
LP001255,Male,No,0,Graduate,No,"3750,00","0,00",113,480,1,Urban,N,2-6-91,
LP001256,Male,No,0,Graduate,No,"3750,00","4750,00",176,360,1,Urban,N,5-3-98,
LP001259,Male,Yes,1,Graduate,Yes,"1000,00","3022,00",110,360,1,Urban,N,21-1-07,
LP001263,Male,Yes,3+,Graduate,No,"3167,00","4000,00",180,300,0,Semiurban,N,19-9-00,
LP001264,Male,Yes,3+,Not Graduate,Yes,"3333,00","2166,00",130,360,,Semiurban,Y,18-5-95,
LP001265,Female,No,0,Graduate,No,"3846,00","0,00",111,360,1,Semiurban,Y,30-9-07,
LP001266,Male,Yes,1,Graduate,Yes,"2395,00","0,00",,360,1,Semiurban,Y,22-9-99,
LP001267,Female,Yes,2,Graduate,No,"1378,00","1881,00",167,360,1,Urban,N,17-3-91,
LP001273,Male,Yes,0,Graduate,No,"6000,00","2250,00",265,360,,Semiurban,N,3-1-03,
LP001275,Male,Yes,1,Graduate,No,"3988,00","0,00",50,240,1,Urban,Y,25-1-07,
LP001279,Male,No,0,Graduate,No,"2366,00","2531,00",136,360,1,Semiurban,Y,16-3-07,
LP001280,Male,Yes,2,Not Graduate,No,"3333,00","2000,00",99,360,,Semiurban,Y,28-10-02,
LP001282,Male,Yes,0,Graduate,No,"2500,00","2118,00",104,360,1,Semiurban,Y,24-10-98,
LP001289,Male,No,0,Graduate,No,"8566,00","0,00",210,360,1,Urban,Y,11-7-94,
LP001310,Male,Yes,0,Graduate,No,"5695,00","4167,00",175,360,1,Semiurban,Y,19-2-97,
LP001316,Male,Yes,0,Graduate,No,"2958,00","2900,00",131,360,1,Semiurban,Y,15-4-00,
LP001318,Male,Yes,2,Graduate,No,"6250,00","5654,00",188,180,1,Semiurban,Y,16-11-96,
LP001319,Male,Yes,2,Not Graduate,No,"3273,00","1820,00",81,360,1,Urban,Y,21-12-91,
LP001322,Male,No,0,Graduate,No,"4133,00","0,00",122,360,1,Semiurban,Y,28-7-92,
LP001325,Male,No,0,Not Graduate,No,"3620,00","0,00",25,120,1,Semiurban,Y,30-10-05,
LP001326,Male,No,0,Graduate,,"6782,00","0,00",,360,,Urban,N,5-8-03,
LP001327,Female,Yes,0,Graduate,No,"2484,00","2302,00",137,360,1,Semiurban,Y,4-5-05,
LP001333,Male,Yes,0,Graduate,No,"1977,00","997,00",50,360,1,Semiurban,Y,10-6-98,
LP001334,Male,Yes,0,Not Graduate,No,"4188,00","0,00",115,180,1,Semiurban,Y,30-8-95,
LP001343,Male,Yes,0,Graduate,No,"1759,00","3541,00",131,360,1,Semiurban,Y,14-2-97,
LP001345,Male,Yes,2,Not Graduate,No,"4288,00","3263,00",133,180,1,Urban,Y,2-2-98,
LP001349,Male,No,0,Graduate,No,"4843,00","3806,00",151,360,1,Semiurban,Y,21-3-08,
LP001350,Male,Yes,,Graduate,No,"13650,00","0,00",,360,1,Urban,Y,29-3-04,
LP001356,Male,Yes,0,Graduate,No,"4652,00","3583,00",,360,1,Semiurban,Y,7-2-09,
LP001357,Male,,,Graduate,No,"3816,00","754,00",160,360,1,Urban,Y,16-12-00,
LP001367,Male,Yes,1,Graduate,No,"3052,00","1030,00",100,360,1,Urban,Y,9-7-96,
LP001369,Male,Yes,2,Graduate,No,"11417,00","1126,00",225,360,1,Urban,Y,21-6-01,
LP001370,Male,No,0,Not Graduate,,"7333,00","0,00",120,360,1,Rural,N,1-1-01,
LP001379,Male,Yes,2,Graduate,No,"3800,00","3600,00",216,360,0,Urban,N,20-8-91,
LP001384,Male,Yes,3+,Not Graduate,No,"2071,00","754,00",94,480,1,Semiurban,Y,30-9-05,
LP001385,Male,No,0,Graduate,No,"5316,00","0,00",136,360,1,Urban,Y,11-3-97,
LP001387,Female,Yes,0,Graduate,,"2929,00","2333,00",139,360,1,Semiurban,Y,27-4-93,
LP001391,Male,Yes,0,Not Graduate,No,"3572,00","4114,00",152,,0,Rural,N,6-7-99,
LP001392,Female,No,1,Graduate,Yes,"7451,00","0,00",,360,1,Semiurban,Y,27-4-91,
LP001398,Male,No,0,Graduate,,"5050,00","0,00",118,360,1,Semiurban,Y,20-8-01,
LP001401,Male,Yes,1,Graduate,No,"14583,00","0,00",185,180,1,Rural,Y,15-7-99,
LP001404,Female,Yes,0,Graduate,No,"3167,00","2283,00",154,360,1,Semiurban,Y,13-5-04,
LP001405,Male,Yes,1,Graduate,No,"2214,00","1398,00",85,360,,Urban,Y,26-10-99,
LP001421,Male,Yes,0,Graduate,No,"5568,00","2142,00",175,360,1,Rural,N,1-10-97,
LP001422,Female,No,0,Graduate,No,"10408,00","0,00",259,360,1,Urban,Y,2-5-94,
LP001426,Male,Yes,,Graduate,No,"5667,00","2667,00",180,360,1,Rural,Y,19-6-99,
LP001430,Female,No,0,Graduate,No,"4166,00","0,00",44,360,1,Semiurban,Y,2-3-93,
LP001431,Female,No,0,Graduate,No,"2137,00","8980,00",137,360,0,Semiurban,Y,31-5-02,
LP001432,Male,Yes,2,Graduate,No,"2957,00","0,00",81,360,1,Semiurban,Y,21-8-92,
LP001439,Male,Yes,0,Not Graduate,No,"4300,00","2014,00",194,360,1,Rural,Y,20-12-08,
LP001443,Female,No,0,Graduate,No,"3692,00","0,00",93,360,,Rural,Y,19-5-01,
LP001448,,Yes,3+,Graduate,No,"23803,00","0,00",370,360,1,Rural,Y,29-7-95,
LP001449,Male,No,0,Graduate,No,"3865,00","1640,00",,360,1,Rural,Y,1-9-96,
LP001451,Male,Yes,1,Graduate,Yes,"10513,00","3850,00",160,180,0,Urban,N,25-3-96,
LP001465,Male,Yes,0,Graduate,No,"6080,00","2569,00",182,360,,Rural,N,6-9-05,
LP001469,Male,No,0,Graduate,Yes,"20166,00","0,00",650,480,,Urban,Y,24-5-90,
LP001473,Male,No,0,Graduate,No,"2014,00","1929,00",74,360,1,Urban,Y,1-3-91,
LP001478,Male,No,0,Graduate,No,"2718,00","0,00",70,360,1,Semiurban,Y,24-1-09,
LP001482,Male,Yes,0,Graduate,Yes,"3459,00","0,00",25,120,1,Semiurban,Y,27-8-93,
LP001487,Male,No,0,Graduate,No,"4895,00","0,00",102,360,1,Semiurban,Y,10-8-03,
LP001488,Male,Yes,3+,Graduate,No,"4000,00","7750,00",290,360,1,Semiurban,N,17-9-90,
LP001489,Female,Yes,0,Graduate,No,"4583,00","0,00",84,360,1,Rural,N,9-2-93,
LP001491,Male,Yes,2,Graduate,Yes,"3316,00","3500,00",88,360,1,Urban,Y,17-1-03,
LP001492,Male,No,0,Graduate,No,"14999,00","0,00",242,360,0,Semiurban,N,24-5-92,
LP001493,Male,Yes,2,Not Graduate,No,"4200,00","1430,00",129,360,1,Rural,N,11-12-01,
LP001497,Male,Yes,2,Graduate,No,"5042,00","2083,00",185,360,1,Rural,N,22-11-98,
LP001498,Male,No,0,Graduate,No,"5417,00","0,00",168,360,1,Urban,Y,2-2-93,
LP001504,Male,No,0,Graduate,Yes,"6950,00","0,00",175,180,1,Semiurban,Y,7-1-94,
LP001507,Male,Yes,0,Graduate,No,"2698,00","2034,00",122,360,1,Semiurban,Y,2-4-96,
LP001508,Male,Yes,2,Graduate,No,"11757,00","0,00",187,180,1,Urban,Y,27-2-96,
LP001514,Female,Yes,0,Graduate,No,"2330,00","4486,00",100,360,1,Semiurban,Y,18-1-90,
LP001516,Female,Yes,2,Graduate,No,"14866,00","0,00",70,360,1,Urban,Y,10-2-94,
LP001518,Male,Yes,1,Graduate,No,"1538,00","1425,00",30,360,1,Urban,Y,1-3-00,
LP001519,Female,No,0,Graduate,No,"10000,00","1666,00",225,360,1,Rural,N,11-7-98,
LP001520,Male,Yes,0,Graduate,No,"4860,00","830,00",125,360,1,Semiurban,Y,23-12-03,
LP001528,Male,No,0,Graduate,No,"6277,00","0,00",118,360,0,Rural,N,23-6-94,
LP001529,Male,Yes,0,Graduate,Yes,"2577,00","3750,00",152,360,1,Rural,Y,22-9-07,
LP001531,Male,No,0,Graduate,No,"9166,00","0,00",244,360,1,Urban,N,16-9-94,
LP001532,Male,Yes,2,Not Graduate,No,"2281,00","0,00",113,360,1,Rural,N,15-7-92,
LP001535,Male,No,0,Graduate,No,"3254,00","0,00",50,360,1,Urban,Y,1-7-98,
LP001536,Male,Yes,3+,Graduate,No,"39999,00","0,00",600,180,0,Semiurban,Y,5-10-08,
LP001541,Male,Yes,1,Graduate,No,"6000,00","0,00",160,360,,Rural,Y,6-12-97,
LP001543,Male,Yes,1,Graduate,No,"9538,00","0,00",187,360,1,Urban,Y,19-7-90,
LP001546,Male,No,0,Graduate,,"2980,00","2083,00",120,360,1,Rural,Y,2-3-00,
LP001552,Male,Yes,0,Graduate,No,"4583,00","5625,00",255,360,1,Semiurban,Y,29-9-95,
LP001560,Male,Yes,0,Not Graduate,No,"1863,00","1041,00",98,360,1,Semiurban,Y,22-2-01,
LP001562,Male,Yes,0,Graduate,No,"7933,00","0,00",275,360,1,Urban,N,22-9-98,
LP001565,Male,Yes,1,Graduate,No,"3089,00","1280,00",121,360,0,Semiurban,N,18-7-05,
LP001570,Male,Yes,2,Graduate,No,"4167,00","1447,00",158,360,1,Rural,Y,6-10-90,
LP001572,Male,Yes,0,Graduate,No,"9323,00","0,00",75,180,1,Urban,Y,16-4-93,
LP001574,Male,Yes,0,Graduate,No,"3707,00","3166,00",182,,1,Rural,Y,13-4-90,
LP001577,Female,Yes,0,Graduate,No,"4583,00","0,00",112,360,1,Rural,N,11-11-92,
LP001578,Male,Yes,0,Graduate,No,"2439,00","3333,00",129,360,1,Rural,Y,13-2-01,
LP001579,Male,No,0,Graduate,No,"2237,00","0,00",63,480,0,Semiurban,N,4-8-94,
LP001580,Male,Yes,2,Graduate,No,"8000,00","0,00",200,360,1,Semiurban,Y,31-10-99,
LP001581,Male,Yes,0,Not Graduate,,"1820,00","1769,00",95,360,1,Rural,Y,9-7-90,
LP001585,,Yes,3+,Graduate,No,"51763,00","0,00",700,300,1,Urban,Y,20-1-04,
LP001586,Male,Yes,3+,Not Graduate,No,"3522,00","0,00",81,180,1,Rural,N,1-7-97,
LP001594,Male,Yes,0,Graduate,No,"5708,00","5625,00",187,360,1,Semiurban,Y,15-3-06,
LP001603,Male,Yes,0,Not Graduate,Yes,"4344,00","736,00",87,360,1,Semiurban,N,6-6-03,
LP001606,Male,Yes,0,Graduate,No,"3497,00","1964,00",116,360,1,Rural,Y,28-3-98,
LP001608,Male,Yes,2,Graduate,No,"2045,00","1619,00",101,360,1,Rural,Y,9-9-92,
LP001610,Male,Yes,3+,Graduate,No,"5516,00","11300,00",495,360,0,Semiurban,N,12-8-92,
LP001616,Male,Yes,1,Graduate,No,"3750,00","0,00",116,360,1,Semiurban,Y,21-1-99,
LP001630,Male,No,0,Not Graduate,No,"2333,00","1451,00",102,480,0,Urban,N,4-2-92,
LP001633,Male,Yes,1,Graduate,No,"6400,00","7250,00",180,360,0,Urban,N,15-11-99,
LP001634,Male,No,0,Graduate,No,"1916,00","5063,00",67,360,,Rural,N,29-9-94,
LP001636,Male,Yes,0,Graduate,No,"4600,00","0,00",73,180,1,Semiurban,Y,20-3-06,
LP001637,Male,Yes,1,Graduate,No,"33846,00","0,00",260,360,1,Semiurban,N,27-5-97,
LP001639,Female,Yes,0,Graduate,No,"3625,00","0,00",108,360,1,Semiurban,Y,13-7-02,
LP001640,Male,Yes,0,Graduate,Yes,"39147,00","4750,00",120,360,1,Semiurban,Y,7-5-95,
LP001641,Male,Yes,1,Graduate,Yes,"2178,00","0,00",66,300,0,Rural,N,11-7-93,
LP001643,Male,Yes,0,Graduate,No,"2383,00","2138,00",58,360,,Rural,Y,14-8-99,
LP001644,,Yes,0,Graduate,Yes,"674,00","5296,00",168,360,1,Rural,Y,12-1-05,
LP001647,Male,Yes,0,Graduate,No,"9328,00","0,00",188,180,1,Rural,Y,4-4-93,
LP001653,Male,No,0,Not Graduate,No,"4885,00","0,00",48,360,1,Rural,Y,18-11-01,
LP001656,Male,No,0,Graduate,No,"12000,00","0,00",164,360,1,Semiurban,N,7-3-92,
LP001657,Male,Yes,0,Not Graduate,No,"6033,00","0,00",160,360,1,Urban,N,4-10-07,
LP001658,Male,No,0,Graduate,No,"3858,00","0,00",76,360,1,Semiurban,Y,15-12-97,
LP001664,Male,No,0,Graduate,No,"4191,00","0,00",120,360,1,Rural,Y,17-2-06,
LP001665,Male,Yes,1,Graduate,No,"3125,00","2583,00",170,360,1,Semiurban,N,2-6-92,
LP001666,Male,No,0,Graduate,No,"8333,00","3750,00",187,360,1,Rural,Y,1-5-92,
LP001669,Female,No,0,Not Graduate,No,"1907,00","2365,00",120,,1,Urban,Y,25-5-00,
LP001671,Female,Yes,0,Graduate,No,"3416,00","2816,00",113,360,,Semiurban,Y,31-12-07,
LP001673,Male,No,0,Graduate,Yes,"11000,00","0,00",83,360,1,Urban,N,29-8-04,
LP001674,Male,Yes,1,Not Graduate,No,"2600,00","2500,00",90,360,1,Semiurban,Y,16-1-99,
LP001677,Male,No,2,Graduate,No,"4923,00","0,00",166,360,0,Semiurban,Y,22-3-90,
LP001682,Male,Yes,3+,Not Graduate,No,"3992,00","0,00",,180,1,Urban,N,28-9-02,
LP001688,Male,Yes,1,Not Graduate,No,"3500,00","1083,00",135,360,1,Urban,Y,22-3-08,
LP001691,Male,Yes,2,Not Graduate,No,"3917,00","0,00",124,360,1,Semiurban,Y,3-3-97,
LP001692,Female,No,0,Not Graduate,No,"4408,00","0,00",120,360,1,Semiurban,Y,5-5-04,
LP001693,Female,No,0,Graduate,No,"3244,00","0,00",80,360,1,Urban,Y,27-12-04,
LP001698,Male,No,0,Not Graduate,No,"3975,00","2531,00",55,360,1,Rural,Y,14-5-94,
LP001699,Male,No,0,Graduate,No,"2479,00","0,00",59,360,1,Urban,Y,25-7-00,
LP001702,Male,No,0,Graduate,No,"3418,00","0,00",127,360,1,Semiurban,N,7-8-06,
LP001708,Female,No,0,Graduate,No,"10000,00","0,00",214,360,1,Semiurban,N,4-6-07,
LP001711,Male,Yes,3+,Graduate,No,"3430,00","1250,00",128,360,0,Semiurban,N,4-3-92,
LP001713,Male,Yes,1,Graduate,Yes,"7787,00","0,00",240,360,1,Urban,Y,2-10-91,
LP001715,Male,Yes,3+,Not Graduate,Yes,"5703,00","0,00",130,360,1,Rural,Y,13-2-03,
LP001716,Male,Yes,0,Graduate,No,"3173,00","3021,00",137,360,1,Urban,Y,31-8-06,
LP001720,Male,Yes,3+,Not Graduate,No,"3850,00","983,00",100,360,1,Semiurban,Y,19-7-07,
LP001722,Male,Yes,0,Graduate,No,"150,00","1800,00",135,360,1,Rural,N,9-8-93,
LP001726,Male,Yes,0,Graduate,No,"3727,00","1775,00",131,360,1,Semiurban,Y,2-10-94,
LP001732,Male,Yes,2,Graduate,,"5000,00","0,00",72,360,0,Semiurban,N,31-8-90,
LP001734,Female,Yes,2,Graduate,No,"4283,00","2383,00",127,360,,Semiurban,Y,16-8-95,
LP001736,Male,Yes,0,Graduate,No,"2221,00","0,00",60,360,0,Urban,N,17-3-92,
LP001743,Male,Yes,2,Graduate,No,"4009,00","1717,00",116,360,1,Semiurban,Y,3-5-06,
LP001744,Male,No,0,Graduate,No,"2971,00","2791,00",144,360,1,Semiurban,Y,30-3-95,
LP001749,Male,Yes,0,Graduate,No,"7578,00","1010,00",175,,1,Semiurban,Y,17-4-94,
LP001750,Male,Yes,0,Graduate,No,"6250,00","0,00",128,360,1,Semiurban,Y,19-8-05,
LP001751,Male,Yes,0,Graduate,No,"3250,00","0,00",170,360,1,Rural,N,8-2-04,
LP001754,Male,Yes,,Not Graduate,Yes,"4735,00","0,00",138,360,1,Urban,N,23-1-07,
LP001758,Male,Yes,2,Graduate,No,"6250,00","1695,00",210,360,1,Semiurban,Y,22-6-03,
LP001760,Male,,,Graduate,No,"4758,00","0,00",158,480,1,Semiurban,Y,17-8-91,
LP001761,Male,No,0,Graduate,Yes,"6400,00","0,00",200,360,1,Rural,Y,14-9-02,
LP001765,Male,Yes,1,Graduate,No,"2491,00","2054,00",104,360,1,Semiurban,Y,21-6-06,
LP001768,Male,Yes,0,Graduate,,"3716,00","0,00",42,180,1,Rural,Y,7-1-92,
LP001770,Male,No,0,Not Graduate,No,"3189,00","2598,00",120,,1,Rural,Y,18-1-08,
LP001776,Female,No,0,Graduate,No,"8333,00","0,00",280,360,1,Semiurban,Y,11-6-06,
LP001778,Male,Yes,1,Graduate,No,"3155,00","1779,00",140,360,1,Semiurban,Y,20-5-01,
LP001784,Male,Yes,1,Graduate,No,"5500,00","1260,00",170,360,1,Rural,Y,9-9-01,
LP001786,Male,Yes,0,Graduate,,"5746,00","0,00",255,360,,Urban,N,16-10-95,
LP001788,Female,No,0,Graduate,Yes,"3463,00","0,00",122,360,,Urban,Y,29-10-98,
LP001790,Female,No,1,Graduate,No,"3812,00","0,00",112,360,1,Rural,Y,24-5-97,
LP001792,Male,Yes,1,Graduate,No,"3315,00","0,00",96,360,1,Semiurban,Y,14-8-02,
LP001798,Male,Yes,2,Graduate,No,"5819,00","5000,00",120,360,1,Rural,Y,20-4-98,
LP001800,Male,Yes,1,Not Graduate,No,"2510,00","1983,00",140,180,1,Urban,N,16-12-00,
LP001806,Male,No,0,Graduate,No,"2965,00","5701,00",155,60,1,Urban,Y,8-1-01,
LP001807,Male,Yes,2,Graduate,Yes,"6250,00","1300,00",108,360,1,Rural,Y,4-4-98,
LP001811,Male,Yes,0,Not Graduate,No,"3406,00","4417,00",123,360,1,Semiurban,Y,17-10-08,
LP001813,Male,No,0,Graduate,Yes,"6050,00","4333,00",120,180,1,Urban,N,12-2-99,
LP001814,Male,Yes,2,Graduate,No,"9703,00","0,00",112,360,1,Urban,Y,27-2-97,
LP001819,Male,Yes,1,Not Graduate,No,"6608,00","0,00",137,180,1,Urban,Y,23-9-07,
LP001824,Male,Yes,1,Graduate,No,"2882,00","1843,00",123,480,1,Semiurban,Y,5-10-06,
LP001825,Male,Yes,0,Graduate,No,"1809,00","1868,00",90,360,1,Urban,Y,23-1-00,
LP001835,Male,Yes,0,Not Graduate,No,"1668,00","3890,00",201,360,0,Semiurban,N,18-10-01,
LP001836,Female,No,2,Graduate,No,"3427,00","0,00",138,360,1,Urban,N,23-8-98,
LP001841,Male,No,0,Not Graduate,Yes,"2583,00","2167,00",104,360,1,Rural,Y,20-12-07,
LP001843,Male,Yes,1,Not Graduate,No,"2661,00","7101,00",279,180,1,Semiurban,Y,9-6-93,
LP001844,Male,No,0,Graduate,Yes,"16250,00","0,00",192,360,0,Urban,N,5-9-08,
LP001846,Female,No,3+,Graduate,No,"3083,00","0,00",255,360,1,Rural,Y,13-8-02,
LP001849,Male,No,0,Not Graduate,No,"6045,00","0,00",115,360,0,Rural,N,20-9-00,
LP001854,Male,Yes,3+,Graduate,No,"5250,00","0,00",94,360,1,Urban,N,21-2-90,
LP001859,Male,Yes,0,Graduate,No,"14683,00","2100,00",304,360,1,Rural,N,4-8-97,
LP001864,Male,Yes,3+,Not Graduate,No,"4931,00","0,00",128,360,,Semiurban,N,19-8-95,
LP001865,Male,Yes,1,Graduate,No,"6083,00","4250,00",330,360,,Urban,Y,8-3-92,
LP001868,Male,No,0,Graduate,No,"2060,00","2209,00",134,360,1,Semiurban,Y,17-10-05,
LP001870,Female,No,1,Graduate,No,"3481,00","0,00",155,36,1,Semiurban,N,8-7-90,
LP001871,Female,No,0,Graduate,No,"7200,00","0,00",120,360,1,Rural,Y,27-7-95,
LP001872,Male,No,0,Graduate,Yes,"5166,00","0,00",128,360,1,Semiurban,Y,4-10-95,
LP001875,Male,No,0,Graduate,No,"4095,00","3447,00",151,360,1,Rural,Y,11-3-08,
LP001877,Male,Yes,2,Graduate,No,"4708,00","1387,00",150,360,1,Semiurban,Y,19-2-90,
LP001882,Male,Yes,3+,Graduate,No,"4333,00","1811,00",160,360,0,Urban,Y,5-8-03,
LP001883,Female,No,0,Graduate,,"3418,00","0,00",135,360,1,Rural,N,7-7-06,
LP001884,Female,No,1,Graduate,No,"2876,00","1560,00",90,360,1,Urban,Y,6-5-90,
LP001888,Female,No,0,Graduate,No,"3237,00","0,00",30,360,1,Urban,Y,26-2-91,
LP001891,Male,Yes,0,Graduate,No,"11146,00","0,00",136,360,1,Urban,Y,7-12-00,
LP001892,Male,No,0,Graduate,No,"2833,00","1857,00",126,360,1,Rural,Y,7-5-90,
LP001894,Male,Yes,0,Graduate,No,"2620,00","2223,00",150,360,1,Semiurban,Y,7-1-99,
LP001896,Male,Yes,2,Graduate,No,"3900,00","0,00",90,360,1,Semiurban,Y,18-3-99,
LP001900,Male,Yes,1,Graduate,No,"2750,00","1842,00",115,360,1,Semiurban,Y,24-11-03,
LP001903,Male,Yes,0,Graduate,No,"3993,00","3274,00",207,360,1,Semiurban,Y,20-12-95,
LP001904,Male,Yes,0,Graduate,No,"3103,00","1300,00",80,360,1,Urban,Y,29-12-00,
LP001907,Male,Yes,0,Graduate,No,"14583,00","0,00",436,360,1,Semiurban,Y,23-5-00,
LP001908,Female,Yes,0,Not Graduate,No,"4100,00","0,00",124,360,,Rural,Y,11-2-92,
LP001910,Male,No,1,Not Graduate,Yes,"4053,00","2426,00",158,360,0,Urban,N,24-9-97,
LP001914,Male,Yes,0,Graduate,No,"3927,00","800,00",112,360,1,Semiurban,Y,6-3-00,
LP001915,Male,Yes,2,Graduate,No,"2301,00",985.7999878,78,180,1,Urban,Y,15-11-05,
LP001917,Female,No,0,Graduate,No,"1811,00","1666,00",54,360,1,Urban,Y,8-2-00,
LP001922,Male,Yes,0,Graduate,No,"20667,00","0,00",,360,1,Rural,N,5-2-96,
LP001924,Male,No,0,Graduate,No,"3158,00","3053,00",89,360,1,Rural,Y,13-2-05,
LP001925,Female,No,0,Graduate,Yes,"2600,00","1717,00",99,300,1,Semiurban,N,14-10-06,
LP001926,Male,Yes,0,Graduate,No,"3704,00","2000,00",120,360,1,Rural,Y,7-9-99,
LP001931,Female,No,0,Graduate,No,"4124,00","0,00",115,360,1,Semiurban,Y,19-12-99,
LP001935,Male,No,0,Graduate,No,"9508,00","0,00",187,360,1,Rural,Y,22-6-08,
LP001936,Male,Yes,0,Graduate,No,"3075,00","2416,00",139,360,1,Rural,Y,4-12-04,
LP001938,Male,Yes,2,Graduate,No,"4400,00","0,00",127,360,0,Semiurban,N,5-2-94,
LP001940,Male,Yes,2,Graduate,No,"3153,00","1560,00",134,360,1,Urban,Y,25-10-95,
LP001945,Female,No,,Graduate,No,"5417,00","0,00",143,480,0,Urban,N,1-9-90,
LP001947,Male,Yes,0,Graduate,No,"2383,00","3334,00",172,360,1,Semiurban,Y,11-3-04,
LP001949,Male,Yes,3+,Graduate,,"4416,00","1250,00",110,360,1,Urban,Y,20-4-98,
LP001953,Male,Yes,1,Graduate,No,"6875,00","0,00",200,360,1,Semiurban,Y,10-2-07,
LP001954,Female,Yes,1,Graduate,No,"4666,00","0,00",135,360,1,Urban,Y,26-11-98,
LP001955,Female,No,0,Graduate,No,"5000,00","2541,00",151,480,1,Rural,N,4-7-02,
LP001963,Male,Yes,1,Graduate,No,"2014,00","2925,00",113,360,1,Urban,N,17-3-00,
LP001964,Male,Yes,0,Not Graduate,No,"1800,00","2934,00",93,360,0,Urban,N,29-11-08,
LP001972,Male,Yes,,Not Graduate,No,"2875,00","1750,00",105,360,1,Semiurban,Y,5-5-04,
LP001974,Female,No,0,Graduate,No,"5000,00","0,00",132,360,1,Rural,Y,21-9-97,
LP001977,Male,Yes,1,Graduate,No,"1625,00","1803,00",96,360,1,Urban,Y,15-7-00,
LP001978,Male,No,0,Graduate,No,"4000,00","2500,00",140,360,1,Rural,Y,26-5-08,
LP001990,Male,No,0,Not Graduate,No,"2000,00","0,00",,360,1,Urban,N,1-12-92,
LP001993,Female,No,0,Graduate,No,"3762,00","1666,00",135,360,1,Rural,Y,15-9-07,
LP001994,Female,No,0,Graduate,No,"2400,00","1863,00",104,360,0,Urban,N,5-3-03,
LP001996,Male,No,0,Graduate,No,"20233,00","0,00",480,360,1,Rural,N,6-11-96,
LP001998,Male,Yes,2,Not Graduate,No,"7667,00","0,00",185,360,,Rural,Y,22-12-95,
LP002002,Female,No,0,Graduate,No,"2917,00","0,00",84,360,1,Semiurban,Y,26-9-06,
LP002004,Male,No,0,Not Graduate,No,"2927,00","2405,00",111,360,1,Semiurban,Y,2-8-07,
LP002006,Female,No,0,Graduate,No,"2507,00","0,00",56,360,1,Rural,Y,2-9-00,
LP002008,Male,Yes,2,Graduate,Yes,"5746,00","0,00",144,84,,Rural,Y,12-7-06,
LP002024,,Yes,0,Graduate,No,"2473,00","1843,00",159,360,1,Rural,N,22-8-98,
LP002031,Male,Yes,1,Not Graduate,No,"3399,00","1640,00",111,180,1,Urban,Y,14-6-97,
LP002035,Male,Yes,2,Graduate,No,"3717,00","0,00",120,360,1,Semiurban,Y,15-7-98,
LP002036,Male,Yes,0,Graduate,No,"2058,00","2134,00",88,360,,Urban,Y,10-8-98,
LP002043,Female,No,1,Graduate,No,"3541,00","0,00",112,360,,Semiurban,Y,21-10-93,
LP002050,Male,Yes,1,Graduate,Yes,"10000,00","0,00",155,360,1,Rural,N,16-6-01,
LP002051,Male,Yes,0,Graduate,No,"2400,00","2167,00",115,360,1,Semiurban,Y,11-4-99,
LP002053,Male,Yes,3+,Graduate,No,"4342,00","189,00",124,360,1,Semiurban,Y,28-8-93,
LP002054,Male,Yes,2,Not Graduate,No,"3601,00","1590,00",,360,1,Rural,Y,25-11-91,
LP002055,Female,No,0,Graduate,No,"3166,00","2985,00",132,360,,Rural,Y,26-1-96,
LP002065,Male,Yes,3+,Graduate,No,"15000,00","0,00",300,360,1,Rural,Y,27-12-01,
LP002067,Male,Yes,1,Graduate,Yes,"8666,00","4983,00",376,360,0,Rural,N,3-1-90,
LP002068,Male,No,0,Graduate,No,"4917,00","0,00",130,360,0,Rural,Y,2-10-92,
LP002082,Male,Yes,0,Graduate,Yes,"5818,00","2160,00",184,360,1,Semiurban,Y,26-11-07,
LP002086,Female,Yes,0,Graduate,No,"4333,00","2451,00",110,360,1,Urban,N,30-8-99,
LP002087,Female,No,0,Graduate,No,"2500,00","0,00",67,360,1,Urban,Y,9-3-01,
LP002097,Male,No,1,Graduate,No,"4384,00","1793,00",117,360,1,Urban,Y,10-2-00,
LP002098,Male,No,0,Graduate,No,"2935,00","0,00",98,360,1,Semiurban,Y,5-4-05,
LP002100,Male,No,,Graduate,No,"2833,00","0,00",71,360,1,Urban,Y,1-9-98,
LP002101,Male,Yes,0,Graduate,,"63337,00","0,00",490,180,1,Urban,Y,13-10-97,
LP002103,,Yes,1,Graduate,Yes,"9833,00","1833,00",182,180,1,Urban,Y,7-6-00,
LP002106,Male,Yes,,Graduate,Yes,"5503,00","4490,00",70,,1,Semiurban,Y,8-1-99,
LP002110,Male,Yes,1,Graduate,,"5250,00","688,00",160,360,1,Rural,Y,14-8-07,
LP002112,Male,Yes,2,Graduate,Yes,"2500,00","4600,00",176,360,1,Rural,Y,31-8-91,
LP002113,Female,No,3+,Not Graduate,No,"1830,00","0,00",,360,0,Urban,N,6-3-99,
LP002114,Female,No,0,Graduate,No,"4160,00","0,00",71,360,1,Semiurban,Y,15-1-94,
LP002115,Male,Yes,3+,Not Graduate,No,"2647,00","1587,00",173,360,1,Rural,N,24-12-02,
LP002116,Female,No,0,Graduate,No,"2378,00","0,00",46,360,1,Rural,N,22-9-01,
LP002119,Male,Yes,1,Not Graduate,No,"4554,00","1229,00",158,360,1,Urban,Y,1-7-03,
LP002126,Male,Yes,3+,Not Graduate,No,"3173,00","0,00",74,360,1,Semiurban,Y,29-8-08,
LP002128,Male,Yes,2,Graduate,,"2583,00","2330,00",125,360,1,Rural,Y,3-7-08,
LP002129,Male,Yes,0,Graduate,No,"2499,00","2458,00",160,360,1,Semiurban,Y,9-6-08,
LP002130,Male,Yes,,Not Graduate,No,"3523,00","3230,00",152,360,0,Rural,N,29-12-02,
LP002131,Male,Yes,2,Not Graduate,No,"3083,00","2168,00",126,360,1,Urban,Y,6-3-93,
LP002137,Male,Yes,0,Graduate,No,"6333,00","4583,00",259,360,,Semiurban,Y,14-9-02,
LP002138,Male,Yes,0,Graduate,No,"2625,00","6250,00",187,360,1,Rural,Y,27-2-92,
LP002139,Male,Yes,0,Graduate,No,"9083,00","0,00",228,360,1,Semiurban,Y,8-6-98,
LP002140,Male,No,0,Graduate,No,"8750,00","4167,00",308,360,1,Rural,N,18-2-90,
LP002141,Male,Yes,3+,Graduate,No,"2666,00","2083,00",95,360,1,Rural,Y,16-11-95,
LP002142,Female,Yes,0,Graduate,Yes,"5500,00","0,00",105,360,0,Rural,N,31-7-04,
LP002143,Female,Yes,0,Graduate,No,"2423,00","505,00",130,360,1,Semiurban,Y,3-1-93,
LP002144,Female,No,,Graduate,No,"3813,00","0,00",116,180,1,Urban,Y,8-1-99,
LP002149,Male,Yes,2,Graduate,No,"8333,00","3167,00",165,360,1,Rural,Y,13-4-04,
LP002151,Male,Yes,1,Graduate,No,"3875,00","0,00",67,360,1,Urban,N,9-2-00,
LP002158,Male,Yes,0,Not Graduate,No,"3000,00","1666,00",100,480,0,Urban,N,2-8-90,
LP002160,Male,Yes,3+,Graduate,No,"5167,00","3167,00",200,360,1,Semiurban,Y,27-10-00,
LP002161,Female,No,1,Graduate,No,"4723,00","0,00",81,360,1,Semiurban,N,18-5-06,
LP002170,Male,Yes,2,Graduate,No,"5000,00","3667,00",236,360,1,Semiurban,Y,28-7-97,
LP002175,Male,Yes,0,Graduate,No,"4750,00","2333,00",130,360,1,Urban,Y,5-3-03,
LP002178,Male,Yes,0,Graduate,No,"3013,00","3033,00",95,300,,Urban,Y,30-12-94,
LP002180,Male,No,0,Graduate,Yes,"6822,00","0,00",141,360,1,Rural,Y,10-11-95,
LP002181,Male,No,0,Not Graduate,No,"6216,00","0,00",133,360,1,Rural,N,5-9-92,
LP002187,Male,No,0,Graduate,No,"2500,00","0,00",96,480,1,Semiurban,N,15-8-08,
LP002188,Male,No,0,Graduate,No,"5124,00","0,00",124,,0,Rural,N,8-8-05,
LP002190,Male,Yes,1,Graduate,No,"6325,00","0,00",175,360,1,Semiurban,Y,19-8-97,
LP002191,Male,Yes,0,Graduate,No,"19730,00","5266,00",570,360,1,Rural,N,5-7-05,
LP002194,Female,No,0,Graduate,Yes,"15759,00","0,00",55,360,1,Semiurban,Y,6-8-05,
LP002197,Male,Yes,2,Graduate,No,"5185,00","0,00",155,360,1,Semiurban,Y,29-7-90,
LP002201,Male,Yes,2,Graduate,Yes,"9323,00","7873,00",380,300,1,Rural,Y,22-10-94,
LP002205,Male,No,1,Graduate,No,"3062,00","1987,00",111,180,0,Urban,N,2-7-05,
LP002209,Female,No,0,Graduate,,"2764,00","1459,00",110,360,1,Urban,Y,19-10-91,
LP002211,Male,Yes,0,Graduate,No,"4817,00","923,00",120,180,1,Urban,Y,16-6-08,
LP002219,Male,Yes,3+,Graduate,No,"8750,00","4996,00",130,360,1,Rural,Y,23-11-90,
LP002223,Male,Yes,0,Graduate,No,"4310,00","0,00",130,360,,Semiurban,Y,11-10-05,
LP002224,Male,No,0,Graduate,No,"3069,00","0,00",71,480,1,Urban,N,14-9-95,
LP002225,Male,Yes,2,Graduate,No,"5391,00","0,00",130,360,1,Urban,Y,7-7-96,
LP002226,Male,Yes,0,Graduate,,"3333,00","2500,00",128,360,1,Semiurban,Y,22-10-01,
LP002229,Male,No,0,Graduate,No,"5941,00","4232,00",296,360,1,Semiurban,Y,14-8-04,
LP002231,Female,No,0,Graduate,No,"6000,00","0,00",156,360,1,Urban,Y,13-8-90,
LP002234,Male,No,0,Graduate,Yes,"7167,00","0,00",128,360,1,Urban,Y,7-3-95,
LP002236,Male,Yes,2,Graduate,No,"4566,00","0,00",100,360,1,Urban,N,6-2-90,
LP002237,Male,No,1,Graduate,,"3667,00","0,00",113,180,1,Urban,Y,19-1-00,
LP002239,Male,No,0,Not Graduate,No,"2346,00","1600,00",132,360,1,Semiurban,Y,18-1-96,
LP002243,Male,Yes,0,Not Graduate,No,"3010,00","3136,00",,360,0,Urban,N,19-9-08,
LP002244,Male,Yes,0,Graduate,No,"2333,00","2417,00",136,360,1,Urban,Y,9-10-00,
LP002250,Male,Yes,0,Graduate,No,"5488,00","0,00",125,360,1,Rural,Y,21-5-90,
LP002255,Male,No,3+,Graduate,No,"9167,00","0,00",185,360,1,Rural,Y,8-4-95,
LP002262,Male,Yes,3+,Graduate,No,"9504,00","0,00",275,360,1,Rural,Y,26-11-95,
LP002263,Male,Yes,0,Graduate,No,"2583,00","2115,00",120,360,,Urban,Y,10-2-96,
LP002265,Male,Yes,2,Not Graduate,No,"1993,00","1625,00",113,180,1,Semiurban,Y,24-5-07,
LP002266,Male,Yes,2,Graduate,No,"3100,00","1400,00",113,360,1,Urban,Y,30-3-92,
LP002272,Male,Yes,2,Graduate,No,"3276,00","484,00",135,360,,Semiurban,Y,9-8-06,
LP002277,Female,No,0,Graduate,No,"3180,00","0,00",71,360,0,Urban,N,9-2-98,
LP002281,Male,Yes,0,Graduate,No,"3033,00","1459,00",95,360,1,Urban,Y,8-8-00,
LP002284,Male,No,0,Not Graduate,No,"3902,00","1666,00",109,360,1,Rural,Y,28-2-93,
LP002287,Female,No,0,Graduate,No,"1500,00","1800,00",103,360,0,Semiurban,N,26-4-90,
LP002288,Male,Yes,2,Not Graduate,No,"2889,00","0,00",45,180,0,Urban,N,12-9-98,
LP002296,Male,No,0,Not Graduate,No,"2755,00","0,00",65,300,1,Rural,N,15-6-96,
LP002297,Male,No,0,Graduate,No,"2500,00","20000,00",103,360,1,Semiurban,Y,2-8-99,
LP002300,Female,No,0,Not Graduate,No,"1963,00","0,00",53,360,1,Semiurban,Y,24-2-04,
LP002301,Female,No,0,Graduate,Yes,"7441,00","0,00",194,360,1,Rural,N,31-1-94,
LP002305,Female,No,0,Graduate,No,"4547,00","0,00",115,360,1,Semiurban,Y,17-5-99,
LP002308,Male,Yes,0,Not Graduate,No,"2167,00","2400,00",115,360,1,Urban,Y,10-9-91,
LP002314,Female,No,0,Not Graduate,No,"2213,00","0,00",66,360,1,Rural,Y,8-10-04,
LP002315,Male,Yes,1,Graduate,No,"8300,00","0,00",152,300,0,Semiurban,N,3-9-95,
LP002317,Male,Yes,3+,Graduate,No,"81000,00","0,00",360,360,0,Rural,N,22-5-96,
LP002318,Female,No,1,Not Graduate,Yes,"3867,00","0,00",62,360,1,Semiurban,N,4-2-06,
LP002319,Male,Yes,0,Graduate,,"6256,00","0,00",160,360,,Urban,Y,16-7-02,
LP002328,Male,Yes,0,Not Graduate,No,"6096,00","0,00",218,360,0,Rural,N,4-11-98,
LP002332,Male,Yes,0,Not Graduate,No,"2253,00","2033,00",110,360,1,Rural,Y,13-1-03,
LP002335,Female,Yes,0,Not Graduate,No,"2149,00","3237,00",178,360,0,Semiurban,N,8-1-02,
LP002337,Female,No,0,Graduate,No,"2995,00","0,00",60,360,1,Urban,Y,16-6-93,
LP002341,Female,No,1,Graduate,No,"2600,00","0,00",160,360,1,Urban,N,2-5-90,
LP002342,Male,Yes,2,Graduate,Yes,"1600,00","20000,00",239,360,1,Urban,N,28-7-08,
LP002345,Male,Yes,0,Graduate,No,"1025,00","2773,00",112,360,1,Rural,Y,7-3-00,
LP002347,Male,Yes,0,Graduate,No,"3246,00","1417,00",138,360,1,Semiurban,Y,24-10-01,
LP002348,Male,Yes,0,Graduate,No,"5829,00","0,00",138,360,1,Rural,Y,11-3-96,
LP002357,Female,No,0,Not Graduate,No,"2720,00","0,00",80,,0,Urban,N,14-10-00,
LP002361,Male,Yes,0,Graduate,No,"1820,00","1719,00",100,360,1,Urban,Y,22-11-98,
LP002362,Male,Yes,1,Graduate,No,"7250,00","1667,00",110,,0,Urban,N,23-1-98,
LP002364,Male,Yes,0,Graduate,No,"14880,00","0,00",96,360,1,Semiurban,Y,9-8-90,
LP002366,Male,Yes,0,Graduate,No,"2666,00","4300,00",121,360,1,Rural,Y,2-11-98,
LP002367,Female,No,1,Not Graduate,No,"4606,00","0,00",81,360,1,Rural,N,9-6-00,
LP002368,Male,Yes,2,Graduate,No,"5935,00","0,00",133,360,1,Semiurban,Y,6-4-97,
LP002369,Male,Yes,0,Graduate,No,"2920,00",16.12000084,87,360,1,Rural,Y,15-12-90,
LP002370,Male,No,0,Not Graduate,No,"2717,00","0,00",60,180,1,Urban,Y,20-2-93,
LP002377,Female,No,1,Graduate,Yes,"8624,00","0,00",150,360,1,Semiurban,Y,9-6-06,
LP002379,Male,No,0,Graduate,No,"6500,00","0,00",105,360,0,Rural,N,29-7-04,
LP002386,Male,No,0,Graduate,,"12876,00","0,00",405,360,1,Semiurban,Y,4-4-98,
LP002387,Male,Yes,0,Graduate,No,"2425,00","2340,00",143,360,1,Semiurban,Y,22-11-96,
LP002390,Male,No,0,Graduate,No,"3750,00","0,00",100,360,1,Urban,Y,5-7-92,
LP002393,Female,,,Graduate,No,"10047,00","0,00",,240,1,Semiurban,Y,20-7-96,
LP002398,Male,No,0,Graduate,No,"1926,00","1851,00",50,360,1,Semiurban,Y,31-1-90,
LP002401,Male,Yes,0,Graduate,No,"2213,00","1125,00",,360,1,Urban,Y,14-10-91,
LP002403,Male,No,0,Graduate,Yes,"10416,00","0,00",187,360,0,Urban,N,9-2-06,
LP002407,Female,Yes,0,Not Graduate,Yes,"7142,00","0,00",138,360,1,Rural,Y,30-11-00,
LP002408,Male,No,0,Graduate,No,"3660,00","5064,00",187,360,1,Semiurban,Y,30-9-08,
LP002409,Male,Yes,0,Graduate,No,"7901,00","1833,00",180,360,1,Rural,Y,29-9-06,
LP002418,Male,No,3+,Not Graduate,No,"4707,00","1993,00",148,360,1,Semiurban,Y,3-1-91,
LP002422,Male,No,1,Graduate,No,"37719,00","0,00",152,360,1,Semiurban,Y,5-3-92,
LP002424,Male,Yes,0,Graduate,No,"7333,00","8333,00",175,300,,Rural,Y,16-6-02,
LP002429,Male,Yes,1,Graduate,Yes,"3466,00","1210,00",130,360,1,Rural,Y,4-7-04,
LP002434,Male,Yes,2,Not Graduate,No,"4652,00","0,00",110,360,1,Rural,Y,14-6-04,
LP002435,Male,Yes,0,Graduate,,"3539,00","1376,00",55,360,1,Rural,N,4-8-98,
LP002443,Male,Yes,2,Graduate,No,"3340,00","1710,00",150,360,0,Rural,N,28-11-03,
LP002444,Male,No,1,Not Graduate,Yes,"2769,00","1542,00",190,360,,Semiurban,N,5-4-04,
LP002446,Male,Yes,2,Not Graduate,No,"2309,00","1255,00",125,360,0,Rural,N,5-2-90,
LP002447,Male,Yes,2,Not Graduate,No,"1958,00","1456,00",60,300,,Urban,Y,17-10-03,
LP002448,Male,Yes,0,Graduate,No,"3948,00","1733,00",149,360,0,Rural,N,20-7-05,
LP002449,Male,Yes,0,Graduate,No,"2483,00","2466,00",90,180,0,Rural,Y,8-11-95,
LP002453,Male,No,0,Graduate,Yes,"7085,00","0,00",84,360,1,Semiurban,Y,8-2-98,
LP002455,Male,Yes,2,Graduate,No,"3859,00","0,00",96,360,1,Semiurban,Y,26-11-08,
LP002459,Male,Yes,0,Graduate,No,"4301,00","0,00",118,360,1,Urban,Y,26-11-05,
LP002467,Male,Yes,0,Graduate,No,"3708,00","2569,00",173,360,1,Urban,N,28-2-06,
LP002472,Male,No,2,Graduate,No,"4354,00","0,00",136,360,1,Rural,Y,18-1-90,
LP002473,Male,Yes,0,Graduate,No,"8334,00","0,00",160,360,1,Semiurban,N,9-7-91,
LP002478,,Yes,0,Graduate,Yes,"2083,00","4083,00",160,360,,Semiurban,Y,17-3-91,
LP002484,Male,Yes,3+,Graduate,No,"7740,00","0,00",128,180,1,Urban,Y,30-7-05,
LP002487,Male,Yes,0,Graduate,No,"3015,00","2188,00",153,360,1,Rural,Y,27-11-08,
LP002489,Female,No,1,Not Graduate,,"5191,00","0,00",132,360,1,Semiurban,Y,20-5-04,
LP002493,Male,No,0,Graduate,No,"4166,00","0,00",98,360,0,Semiurban,N,6-4-97,
LP002494,Male,No,0,Graduate,No,"6000,00","0,00",140,360,1,Rural,Y,31-5-00,
LP002500,Male,Yes,3+,Not Graduate,No,"2947,00","1664,00",70,180,0,Urban,N,25-12-99,
LP002501,,Yes,0,Graduate,No,"16692,00","0,00",110,360,1,Semiurban,Y,28-11-08,
LP002502,Female,Yes,2,Not Graduate,,"210,00","2917,00",98,360,1,Semiurban,Y,25-5-94,
LP002505,Male,Yes,0,Graduate,No,"4333,00","2451,00",110,360,1,Urban,N,16-2-90,
LP002515,Male,Yes,1,Graduate,Yes,"3450,00","2079,00",162,360,1,Semiurban,Y,16-7-02,
LP002517,Male,Yes,1,Not Graduate,No,"2653,00","1500,00",113,180,0,Rural,N,19-9-06,
LP002519,Male,Yes,3+,Graduate,No,"4691,00","0,00",100,360,1,Semiurban,Y,21-5-07,
LP002522,Female,No,0,Graduate,Yes,"2500,00","0,00",93,360,,Urban,Y,9-6-95,
LP002524,Male,No,2,Graduate,No,"5532,00","4648,00",162,360,1,Rural,Y,15-7-04,
LP002527,Male,Yes,2,Graduate,Yes,"16525,00","1014,00",150,360,1,Rural,Y,14-12-90,
LP002529,Male,Yes,2,Graduate,No,"6700,00","1750,00",230,300,1,Semiurban,Y,2-7-04,
LP002530,,Yes,2,Graduate,No,"2873,00","1872,00",132,360,0,Semiurban,N,29-4-92,
LP002531,Male,Yes,1,Graduate,Yes,"16667,00","2250,00",86,360,1,Semiurban,Y,18-4-92,
LP002533,Male,Yes,2,Graduate,No,"2947,00","1603,00",,360,1,Urban,N,11-1-00,
LP002534,Female,No,0,Not Graduate,No,"4350,00","0,00",154,360,1,Rural,Y,12-10-00,
LP002536,Male,Yes,3+,Not Graduate,No,"3095,00","0,00",113,360,1,Rural,Y,18-1-02,
LP002537,Male,Yes,0,Graduate,No,"2083,00","3150,00",128,360,1,Semiurban,Y,12-6-05,
LP002541,Male,Yes,0,Graduate,No,"10833,00","0,00",234,360,1,Semiurban,Y,24-8-99,
LP002543,Male,Yes,2,Graduate,No,"8333,00","0,00",246,360,1,Semiurban,Y,22-2-05,
LP002544,Male,Yes,1,Not Graduate,No,"1958,00","2436,00",131,360,1,Rural,Y,8-4-92,
LP002545,Male,No,2,Graduate,No,"3547,00","0,00",80,360,0,Rural,N,14-1-98,
LP002547,Male,Yes,1,Graduate,No,"18333,00","0,00",500,360,1,Urban,N,16-12-03,
LP002555,Male,Yes,2,Graduate,Yes,"4583,00","2083,00",160,360,1,Semiurban,Y,20-5-99,
LP002556,Male,No,0,Graduate,No,"2435,00","0,00",75,360,1,Urban,N,1-12-00,
LP002560,Male,No,0,Not Graduate,No,"2699,00","2785,00",96,360,,Semiurban,Y,14-1-06,
LP002562,Male,Yes,1,Not Graduate,No,"5333,00","1131,00",186,360,,Urban,Y,6-11-98,
LP002571,Male,No,0,Not Graduate,No,"3691,00","0,00",110,360,1,Rural,Y,8-5-97,
LP002582,Female,No,0,Not Graduate,Yes,"17263,00","0,00",225,360,1,Semiurban,Y,12-2-99,
LP002585,Male,Yes,0,Graduate,No,"3597,00","2157,00",119,360,0,Rural,N,16-9-03,
LP002586,Female,Yes,1,Graduate,No,"3326,00","913,00",105,84,1,Semiurban,Y,3-1-93,
LP002587,Male,Yes,0,Not Graduate,No,"2600,00","1700,00",107,360,1,Rural,Y,26-2-97,
LP002588,Male,Yes,0,Graduate,No,"4625,00","2857,00",111,12,,Urban,Y,26-3-91,
LP002600,Male,Yes,1,Graduate,Yes,"2895,00","0,00",95,360,1,Semiurban,Y,6-4-99,
LP002602,Male,No,0,Graduate,No,"6283,00","4416,00",209,360,0,Rural,N,9-10-98,
LP002603,Female,No,0,Graduate,No,"645,00","3683,00",113,480,1,Rural,Y,6-10-05,
LP002606,Female,No,0,Graduate,No,"3159,00","0,00",100,360,1,Semiurban,Y,27-7-90,
LP002615,Male,Yes,2,Graduate,No,"4865,00","5624,00",208,360,1,Semiurban,Y,31-12-94,
LP002618,Male,Yes,1,Not Graduate,No,"4050,00","5302,00",138,360,,Rural,N,30-5-07,
LP002619,Male,Yes,0,Not Graduate,No,"3814,00","1483,00",124,300,1,Semiurban,Y,11-8-02,
LP002622,Male,Yes,2,Graduate,No,"3510,00","4416,00",243,360,1,Rural,Y,16-5-07,
LP002624,Male,Yes,0,Graduate,No,"20833,00","6667,00",480,360,,Urban,Y,14-2-99,
LP002625,,No,0,Graduate,No,"3583,00","0,00",96,360,1,Urban,N,17-12-03,
LP002626,Male,Yes,0,Graduate,Yes,"2479,00","3013,00",188,360,1,Urban,Y,6-3-96,
LP002634,Female,No,1,Graduate,No,"13262,00","0,00",40,360,1,Urban,Y,3-7-06,
LP002637,Male,No,0,Not Graduate,No,"3598,00","1287,00",100,360,1,Rural,N,29-4-08,
LP002640,Male,Yes,1,Graduate,No,"6065,00","2004,00",250,360,1,Semiurban,Y,19-10-02,
LP002643,Male,Yes,2,Graduate,No,"3283,00","2035,00",148,360,1,Urban,Y,10-4-90,
LP002648,Male,Yes,0,Graduate,No,"2130,00","6666,00",70,180,1,Semiurban,N,27-11-98,
LP002652,Male,No,0,Graduate,No,"5815,00","3666,00",311,360,1,Rural,N,8-6-95,
LP002659,Male,Yes,3+,Graduate,No,"3466,00","3428,00",150,360,1,Rural,Y,13-1-92,
LP002670,Female,Yes,2,Graduate,No,"2031,00","1632,00",113,480,1,Semiurban,Y,27-10-08,
LP002682,Male,Yes,,Not Graduate,No,"3074,00","1800,00",123,360,0,Semiurban,N,14-12-01,
LP002683,Male,No,0,Graduate,No,"4683,00","1915,00",185,360,1,Semiurban,N,7-10-00,
LP002684,Female,No,0,Not Graduate,No,"3400,00","0,00",95,360,1,Rural,N,26-4-96,
LP002689,Male,Yes,2,Not Graduate,No,"2192,00","1742,00",45,360,1,Semiurban,Y,4-6-93,
LP002690,Male,No,0,Graduate,No,"2500,00","0,00",55,360,1,Semiurban,Y,31-5-99,
LP002692,Male,Yes,3+,Graduate,Yes,"5677,00","1424,00",100,360,1,Rural,Y,25-11-97,
LP002693,Male,Yes,2,Graduate,Yes,"7948,00","7166,00",480,360,1,Rural,Y,21-2-00,
LP002697,Male,No,0,Graduate,No,"4680,00","2087,00",,360,1,Semiurban,N,27-7-91,
LP002699,Male,Yes,2,Graduate,Yes,"17500,00","0,00",400,360,1,Rural,Y,13-3-99,
LP002705,Male,Yes,0,Graduate,No,"3775,00","0,00",110,360,1,Semiurban,Y,19-4-92,
LP002706,Male,Yes,1,Not Graduate,No,"5285,00","1430,00",161,360,0,Semiurban,Y,17-7-08,
LP002714,Male,No,1,Not Graduate,No,"2679,00","1302,00",94,360,1,Semiurban,Y,21-8-03,
LP002716,Male,No,0,Not Graduate,No,"6783,00","0,00",130,360,1,Semiurban,Y,27-11-05,
LP002717,Male,Yes,0,Graduate,No,"1025,00","5500,00",216,360,,Rural,Y,31-1-03,
LP002720,Male,Yes,3+,Graduate,No,"4281,00","0,00",100,360,1,Urban,Y,13-7-95,
LP002723,Male,No,2,Graduate,No,"3588,00","0,00",110,360,0,Rural,N,14-5-07,
LP002729,Male,No,1,Graduate,No,"11250,00","0,00",196,360,,Semiurban,N,18-6-04,
LP002731,Female,No,0,Not Graduate,Yes,"18165,00","0,00",125,360,1,Urban,Y,4-10-07,
LP002732,Male,No,0,Not Graduate,,"2550,00","2042,00",126,360,1,Rural,Y,16-3-07,
LP002734,Male,Yes,0,Graduate,No,"6133,00","3906,00",324,360,1,Urban,Y,20-5-90,
LP002738,Male,No,2,Graduate,No,"3617,00","0,00",107,360,1,Semiurban,Y,25-11-90,
LP002739,Male,Yes,0,Not Graduate,No,"2917,00","536,00",66,360,1,Rural,N,22-10-91,
LP002740,Male,Yes,3+,Graduate,No,"6417,00","0,00",157,180,1,Rural,Y,11-8-00,
LP002741,Female,Yes,1,Graduate,No,"4608,00","2845,00",140,180,1,Semiurban,Y,25-12-91,
LP002743,Female,No,0,Graduate,No,"2138,00","0,00",99,360,0,Semiurban,N,13-5-08,
LP002753,Female,No,1,Graduate,,"3652,00","0,00",95,360,1,Semiurban,Y,16-3-97,
LP002755,Male,Yes,1,Not Graduate,No,"2239,00","2524,00",128,360,1,Urban,Y,25-6-02,
LP002757,Female,Yes,0,Not Graduate,No,"3017,00","663,00",102,360,,Semiurban,Y,3-8-97,
LP002767,Male,Yes,0,Graduate,No,"2768,00","1950,00",155,360,1,Rural,Y,9-2-04,
LP002768,Male,No,0,Not Graduate,No,"3358,00","0,00",80,36,1,Semiurban,N,5-6-95,
LP002772,Male,No,0,Graduate,No,"2526,00","1783,00",145,360,1,Rural,Y,9-1-00,
LP002776,Female,No,0,Graduate,No,"5000,00","0,00",103,360,0,Semiurban,N,24-12-02,
LP002777,Male,Yes,0,Graduate,No,"2785,00","2016,00",110,360,1,Rural,Y,12-4-95,
LP002778,Male,Yes,2,Graduate,Yes,"6633,00","0,00",,360,0,Rural,N,8-12-90,
LP002784,Male,Yes,1,Not Graduate,No,"2492,00","2375,00",,360,1,Rural,Y,1-2-00,
LP002785,Male,Yes,1,Graduate,No,"3333,00","3250,00",158,360,1,Urban,Y,12-5-96,
LP002788,Male,Yes,0,Not Graduate,No,"2454,00","2333,00",181,360,0,Urban,N,14-10-01,
LP002789,Male,Yes,0,Graduate,No,"3593,00","4266,00",132,180,0,Rural,N,9-3-91,
LP002792,Male,Yes,1,Graduate,No,"5468,00","1032,00",26,360,1,Semiurban,Y,6-1-95,
LP002794,Female,No,0,Graduate,No,"2667,00","1625,00",84,360,,Urban,Y,9-8-08,
LP002795,Male,Yes,3+,Graduate,Yes,"10139,00","0,00",260,360,1,Semiurban,Y,19-8-96,
LP002798,Male,Yes,0,Graduate,No,"3887,00","2669,00",162,360,1,Semiurban,Y,3-2-08,
LP002804,Female,Yes,0,Graduate,No,"4180,00","2306,00",182,360,1,Semiurban,Y,20-10-94,
LP002807,Male,Yes,2,Not Graduate,No,"3675,00","242,00",108,360,1,Semiurban,Y,29-6-99,
LP002813,Female,Yes,1,Graduate,Yes,"19484,00","0,00",600,360,1,Semiurban,Y,24-10-99,
LP002820,Male,Yes,0,Graduate,No,"5923,00","2054,00",211,360,1,Rural,Y,30-9-07,
LP002821,Male,No,0,Not Graduate,Yes,"5800,00","0,00",132,360,1,Semiurban,Y,17-6-08,
LP002832,Male,Yes,2,Graduate,No,"8799,00","0,00",258,360,0,Urban,N,22-6-97,
LP002833,Male,Yes,0,Not Graduate,No,"4467,00","0,00",120,360,,Rural,Y,9-7-04,
LP002836,Male,No,0,Graduate,No,"3333,00","0,00",70,360,1,Urban,Y,15-7-92,
LP002837,Male,Yes,3+,Graduate,No,"3400,00","2500,00",123,360,0,Rural,N,9-6-06,
LP002840,Female,No,0,Graduate,No,"2378,00","0,00",9,360,1,Urban,N,28-4-08,
LP002841,Male,Yes,0,Graduate,No,"3166,00","2064,00",104,360,0,Urban,N,27-6-04,
LP002842,Male,Yes,1,Graduate,No,"3417,00","1750,00",186,360,1,Urban,Y,10-8-98,
LP002847,Male,Yes,,Graduate,No,"5116,00","1451,00",165,360,0,Urban,N,3-12-04,
LP002855,Male,Yes,2,Graduate,No,"16666,00","0,00",275,360,1,Urban,Y,3-3-98,
LP002862,Male,Yes,2,Not Graduate,No,"6125,00","1625,00",187,480,1,Semiurban,N,2-7-99,
LP002863,Male,Yes,3+,Graduate,No,"6406,00","0,00",150,360,1,Semiurban,N,10-3-06,
LP002868,Male,Yes,2,Graduate,No,"3159,00","461,00",108,84,1,Urban,Y,28-5-03,
LP002872,,Yes,0,Graduate,No,"3087,00","2210,00",136,360,0,Semiurban,N,15-2-06,
LP002874,Male,No,0,Graduate,No,"3229,00","2739,00",110,360,1,Urban,Y,24-9-92,
LP002877,Male,Yes,1,Graduate,No,"1782,00","2232,00",107,360,1,Rural,Y,11-5-01,
LP002888,Male,No,0,Graduate,,"3182,00","2917,00",161,360,1,Urban,Y,23-1-94,
LP002892,Male,Yes,2,Graduate,No,"6540,00","0,00",205,360,1,Semiurban,Y,19-5-94,
LP002893,Male,No,0,Graduate,No,"1836,00","33837,00",90,360,1,Urban,N,15-7-90,
LP002894,Female,Yes,0,Graduate,No,"3166,00","0,00",36,360,1,Semiurban,Y,7-12-07,
LP002898,Male,Yes,1,Graduate,No,"1880,00","0,00",61,360,,Rural,N,16-4-96,
LP002911,Male,Yes,1,Graduate,No,"2787,00","1917,00",146,360,0,Rural,N,21-1-06,
LP002912,Male,Yes,1,Graduate,No,"4283,00","3000,00",172,84,1,Rural,N,26-7-91,
LP002916,Male,Yes,0,Graduate,No,"2297,00","1522,00",104,360,1,Urban,Y,15-9-99,
LP002917,Female,No,0,Not Graduate,No,"2165,00","0,00",70,360,1,Semiurban,Y,1-10-99,
LP002925,,No,0,Graduate,No,"4750,00","0,00",94,360,1,Semiurban,Y,11-9-00,
LP002926,Male,Yes,2,Graduate,Yes,"2726,00","0,00",106,360,0,Semiurban,N,11-7-92,
LP002928,Male,Yes,0,Graduate,No,"3000,00","3416,00",56,180,1,Semiurban,Y,1-8-04,
LP002931,Male,Yes,2,Graduate,Yes,"6000,00","0,00",205,240,1,Semiurban,N,22-11-06,
LP002933,,No,3+,Graduate,Yes,"9357,00","0,00",292,360,1,Semiurban,Y,2-7-96,
LP002936,Male,Yes,0,Graduate,No,"3859,00","3300,00",142,180,1,Rural,Y,17-1-99,
LP002938,Male,Yes,0,Graduate,Yes,"16120,00","0,00",260,360,1,Urban,Y,22-8-93,
LP002940,Male,No,0,Not Graduate,No,"3833,00","0,00",110,360,1,Rural,Y,17-8-01,
LP002941,Male,Yes,2,Not Graduate,Yes,"6383,00","1000,00",187,360,1,Rural,N,7-10-90,
LP002943,Male,No,,Graduate,No,"2987,00","0,00",88,360,0,Semiurban,N,3-1-91,
LP002945,Male,Yes,0,Graduate,Yes,"9963,00","0,00",180,360,1,Rural,Y,9-6-06,
LP002948,Male,Yes,2,Graduate,No,"5780,00","0,00",192,360,1,Urban,Y,20-2-09,
LP002949,Female,No,3+,Graduate,,"416,00","41667,00",350,180,,Urban,N,8-8-99,
LP002950,Male,Yes,0,Not Graduate,,"2894,00","2792,00",155,360,1,Rural,Y,24-8-94,
LP002953,Male,Yes,3+,Graduate,No,"5703,00","0,00",128,360,1,Urban,Y,8-6-08,
LP002958,Male,No,0,Graduate,No,"3676,00","4301,00",172,360,1,Rural,Y,27-11-02,
LP002959,Female,Yes,1,Graduate,No,"12000,00","0,00",496,360,1,Semiurban,Y,19-2-03,
LP002960,Male,Yes,0,Not Graduate,No,"2400,00","3800,00",,180,1,Urban,N,17-10-92,
LP002961,Male,Yes,1,Graduate,No,"3400,00","2500,00",173,360,1,Semiurban,Y,19-5-03,
LP002964,Male,Yes,2,Not Graduate,No,"3987,00","1411,00",157,360,1,Rural,Y,9-6-05,
LP002974,Male,Yes,0,Graduate,No,"3232,00","1950,00",108,360,1,Rural,Y,7-8-90,
LP002978,Female,No,0,Graduate,No,"2900,00","0,00",71,360,1,Rural,Y,8-3-90,
LP002979,Male,Yes,3+,Graduate,No,"4106,00","0,00",40,180,1,Rural,Y,3-5-93,
LP002983,Male,Yes,1,Graduate,No,"8072,00","240,00",253,360,1,Urban,Y,9-10-04,
LP002984,Male,Yes,2,Graduate,No,"7583,00","0,00",187,360,1,Urban,Y,28-7-99,
LP002990,Female,No,0,Graduate,Yes,"4583,00","0,00",133,360,0,Semiurban,N,16-12-04,
,,,,,,,,,,,,,,
,,,,,,,,,,,,,,
,,,,,,,,,,,,,,
,,,,,,,,,,,,,,
,,,,,,,,,,,,,,
,,,,,,,,,,,,,,
,,,,,,,,,,,,,,
,,,,,,,,,,,,,,
,,,,,,,,,,,,,,
,,,,,,,,,,,,,,
,,,,,,,,,,,,,,
,,,,,,,,,,,,,,
,,,,,,,,,,,,,,
,,,,,,,,,,,,,,
,,,,,,,,,,,,,,
,,,,,,,,,,,,,,
,,,,,,,,,,,,,,
